genes	cluster
X110693242	1
X110725568	1
X110726979	1
X110695918	1
X110716842	1
X110697191	1
X110714122	1
X110720128	1
X110698898	1
X110707774	1
X110717702	1
X110725514	1
X110721514	1
X110705613	1
X110687806	1
X110704164	1
X110736108	1
X110701301	1
X110682130	1
X110715089	1
X110715536	1
X110717753	1
X110718996	1
X110710762	1
X110736163	1
X110692977	1
X110694523	1
X110716860	1
X110701965	1
X110681931	1
X110738346	1
X110691567	1
X110716700	1
X110707669	1
X110714743	1
X110700579	1
X110724145	1
X110716267	1
X110700336	1
X110705686	1
X110693714	1
X110739990	1
X110734130	1
X110720877	1
X110699228	1
X110682546	1
X110685979	1
X110714462	1
X110707350	1
X110737647	1
X110682225	1
X110712462	1
X110725251	1
X110715492	1
X110693700	1
X110735383	1
X110697403	1
X110721497	1
X110725652	1
X110693453	1
X110690671	1
X110738843	1
X110726421	1
X110723937	1
X110685228	1
X110723931	1
X110706373	1
X110733458	1
X110720176	1
X110684982	1
X110739296	1
X110697822	1
X110690675	1
X110699293	1
X110708634	1
X110721887	1
X110698176	1
X110732521	1
X110694744	1
X110702784	1
X110701744	1
X110707762	1
X110681975	1
X110729092	1
X110718807	1
X110687633	1
X110719662	1
X110716734	1
X110728728	1
X110725512	1
X110717251	1
X110736127	1
X110736634	1
X110723629	1
X110726327	1
X110695141	1
X110683416	1
X110716355	1
X110682075	1
X110684312	1
X110729752	1
X110711639	1
X110730276	1
X110723951	1
X110693550	1
X110724627	1
X110707304	1
X110703616	1
X110708017	1
X110701087	1
X110682312	1
X110728204	1
X110710267	1
X110714921	1
X110733398	1
X110687327	1
X110690907	1
X110721694	1
X110703940	1
X110731260	1
X110685564	1
X110730978	1
X110702576	1
X110705154	1
X110739667	1
X110715718	1
X110714579	1
X110728249	1
X110698783	1
X110682373	1
X110682502	1
X110688346	1
X110724563	1
X110735663	1
X110712540	1
X110722763	1
X110728981	1
X110727511	1
X110707641	1
X110705788	1
X110708763	1
X110697188	1
X110702083	1
X110728250	1
X110691524	1
X110686400	1
X110728613	1
X110722310	1
X110721919	1
X110705387	1
X110721099	1
X110725166	1
X110715319	1
X110725633	1
X110713142	1
X110721028	1
X110731133	1
X110700406	1
X110717357	1
X110718289	1
X110729844	1
X110732514	1
X110721806	1
X110709571	1
X110720575	1
X110706486	1
X110684152	1
X110726227	1
X110701972	1
X110685768	1
X110729735	1
X110687271	1
X110720615	1
X110734036	1
X110740036	1
X110688521	1
X110702434	1
X110705024	1
X110716435	1
X110724537	1
X110714376	1
X110714139	1
X110721356	1
X110734452	1
X110707759	1
X110691211	1
X110690727	1
X110701012	1
X110710514	1
X110729759	1
X110711687	1
X110723389	1
X110731746	1
X110705585	1
X110716410	1
X110717859	1
X110723942	1
X110712220	1
X110713916	1
X110715346	1
X110685763	1
X110689662	1
X110714492	1
X110724433	1
X110739122	1
X110707817	1
X110712604	1
X110735177	1
X110710738	1
X110711663	1
X110719667	1
X110702521	1
X110702835	1
X110681938	1
X110709060	1
X110735084	1
X110713810	1
X110693707	1
X110714649	1
X110725425	1
X110730131	1
X110695099	1
X110716634	1
X110685863	1
X110686250	1
X110738345	1
X110708669	1
X110736365	1
X110705715	1
X110729818	1
X110736984	1
X110740278	1
X110689649	1
X110698297	1
X110696133	1
X110733571	1
X110710761	1
X110695063	1
X110721215	1
X110732696	1
X110731393	1
X110709782	1
X110721474	1
X110712184	1
X110704688	1
X110734293	1
X110693537	1
X110711398	1
X110726829	1
X110735197	1
X110682558	1
X110702443	1
X110731241	1
X110699073	1
X110688187	1
X110711884	1
X110690943	1
X110716548	1
X110739511	1
X110688300	1
X110687953	1
X110699013	1
X110719498	1
X110691777	1
X110684166	1
X110701920	1
X110715545	1
X110724356	1
X110731398	1
X110732040	1
X110737723	1
X110697190	1
X110691916	1
X110726815	1
X110710195	1
X110722435	1
X110738353	1
X110712365	1
X110700495	1
X110729893	1
X110718452	1
X110704154	1
X110694538	1
X110711452	1
X110736417	1
X110702480	1
X110690927	1
X110732302	1
X110733330	1
X110730879	1
X110711375	1
X110694728	1
X110727712	1
X110717404	1
X110719663	1
X110727586	1
X110707793	1
X110707919	1
X110695095	1
X110714855	1
X110731103	1
X110695743	1
X110730869	1
X110699008	1
X110710556	1
X110688385	1
X110720876	1
X110698148	1
X110708318	1
X110731378	1
X110683521	1
X110736483	1
X110695391	1
X110718484	1
X110724264	1
X110692705	1
X110738041	1
X110713545	1
X110732737	1
X110740319	1
X110707935	1
X110717855	1
X110723753	1
X110691374	1
X110682294	1
X110710793	1
X110690470	1
X110700126	1
X110732555	1
X110686939	1
X110685204	1
X110728065	1
X110715859	1
X110738375	1
X110695140	1
X110715360	1
X110726667	1
X110718552	1
X110717854	1
X110726729	1
X110697943	1
X110737380	1
X110728089	1
X110695077	1
X110724176	1
X110698436	1
X110703815	1
X110739398	1
X110722599	1
X110724687	1
X110704170	1
X110729778	1
X110732595	1
X110701163	1
X110706627	1
X110688999	1
X110692989	1
X110718679	1
X110726545	1
X110685540	1
X110695992	1
X110711864	1
X110704793	1
X110730525	1
X110739431	1
X110705605	1
X110722603	1
X110718531	1
X110710135	1
X110712610	1
X110713889	1
X110693103	1
X110714030	1
X110690704	1
X110731641	1
X110711175	1
X110715931	1
X110702757	1
X110708587	1
X110718526	1
X110699256	1
X110699749	1
X110684288	1
X110722666	1
X110721810	1
X110729478	1
X110715022	1
X110723923	1
X110726546	1
X110706816	1
X110688520	1
X110694521	1
X110718792	1
X110718858	1
X110725619	1
X110700624	1
X110703375	1
X110710853	1
X110694878	1
X110711014	1
X110684313	1
X110738086	1
X110687080	1
X110701098	1
X110688515	1
X110702076	1
X110725578	1
X110699951	1
X110719505	1
X110717792	1
X110728768	1
X110738363	1
X110702497	1
X110704923	1
X110718741	1
X110689735	1
X110728940	1
X110729764	1
X110736427	1
X110692773	1
X110688295	1
X110687240	1
X110705121	1
X110688217	1
X110729700	1
X110724857	1
X110681811	1
X110708076	1
X110705914	1
X110701104	1
X110710725	1
X110700982	1
X110682235	1
X110700018	1
X110700800	1
X110739769	1
X110693757	1
X110732433	1
X110727128	1
X110710781	1
X110722005	1
X110735393	1
X110719791	1
X110730937	1
X110713546	1
X110723050	1
X110732642	1
X110718895	1
X110682328	1
X110705162	1
X110735235	1
X110682981	1
X110701730	1
X110702412	1
X110696010	1
X110711794	1
X110738115	1
X110707033	1
X110691409	1
X110701631	1
X110706852	1
X110695192	1
X110737646	1
X110717458	1
X110695319	1
X110720588	1
X110738047	1
X110713214	1
X110722675	1
X110720427	1
X110721078	1
X110692697	1
X110722286	1
X110702086	1
X110693902	1
X110684228	1
X110718127	1
X110687668	1
X110685808	1
X110717183	1
X110729068	1
X110695761	1
X110709378	1
X110722642	1
X110701056	1
X110684665	1
X110726507	1
X110725199	1
X110687880	1
X110705555	1
X110717537	1
X110703428	1
X110708478	1
X110719325	1
X110709136	1
X110713460	1
X110728839	1
X110719348	1
X110712941	1
X110720894	1
X110712792	1
X110715336	1
X110719009	1
X110709676	1
X110709859	1
X110701035	1
X110706995	1
X110684247	1
X110689168	1
X110719441	1
X110711061	1
X110694192	1
X110719550	1
X110718713	1
X110714100	1
X110698084	1
X110733325	1
X110697163	1
X110701158	1
X110689637	1
X110685985	1
X110686141	1
X110684446	1
X110707942	1
X110732216	2
X110711856	2
X110713808	2
X110689255	2
X110714799	2
X110683275	2
X110701034	2
X110692978	2
X110682543	2
X110718318	2
X110693173	2
X110720350	2
X110724534	2
X110693992	2
X110687452	2
X110695977	2
X110697132	2
X110732723	2
X110724770	2
X110738480	2
X110739588	2
X110698607	2
X110715590	2
X110732736	2
X110733539	2
X110690807	2
X110699031	2
X110714977	2
X110689598	2
X110719466	2
X110708120	2
X110701979	2
X110689372	2
X110734507	2
X110711089	2
X110709916	2
X110689194	2
X110689198	2
X110692760	2
X110720415	2
X110721130	2
X110718641	2
X110723276	2
X110731823	2
X110686448	2
X110717822	2
X110702384	2
X110715500	2
X110725859	2
X110711439	2
X110714746	2
X110689005	2
X110737051	2
X110705586	2
X110730335	2
X110693525	2
X110708023	2
X110715942	2
X110720086	2
X110707110	2
X110700102	2
X110695300	2
X110698296	2
X110714518	2
X110714789	2
X110685944	2
X110693831	2
X110698140	2
X110716097	2
X110706487	2
X110718427	2
X110729730	2
X110689232	2
X110697152	2
X110732640	2
X110712551	2
X110687283	2
X110716991	2
X110702040	2
X110733033	2
X110691791	2
X110698785	2
X110733873	2
X110710540	2
X110722735	2
X110709609	2
X110684621	2
X110739846	2
X110717386	2
X110710656	2
X110731108	2
X110706602	2
X110699081	2
X110730085	2
X110721072	2
X110732547	2
X110688662	2
X110691922	2
X110683963	2
X110697416	2
X110705060	2
X110687652	2
X110739519	2
X110685841	2
X110714366	2
X110739617	2
X110731309	2
X110690871	2
X110715317	2
X110716416	2
X110708474	2
X110715085	2
X110701465	2
X110699383	2
X110690407	2
X110693962	2
X110729345	2
X110682276	2
X110728087	2
X110705304	2
X110700646	2
X110686969	2
X110698619	2
X110720352	2
X110717125	2
X110693711	2
X110700281	2
X110721485	2
X110681633	2
X110691380	2
X110725726	2
X110738692	2
X110726510	2
X110683018	2
X110718594	2
X110699375	2
X110701883	2
X110718644	2
X110694887	2
X110683259	2
X110693841	2
X110681867	2
X110709817	2
X110732296	2
X110693174	2
X110719538	2
X110683957	2
X110719398	2
X110721426	2
X110690983	2
X110720182	2
X110704593	2
X110692653	2
X110712694	2
X110713990	2
X110684623	2
X110716510	3
X110723686	3
X110696142	3
X110689657	3
X110731582	3
X110716576	3
X110705861	3
X110714036	3
X110735567	3
X110726440	3
X110736768	3
X110725774	3
X110699526	3
X110722767	3
X110683425	3
X110716158	3
X110716624	3
X110690669	3
X110702414	3
X110725223	3
X110738435	3
X110716857	3
X110702440	3
X110687856	3
X110734730	3
X110714059	3
X110732312	3
X110726953	3
X110728069	3
X110714610	3
X110706032	3
X110723446	3
X110710349	3
X110716463	3
X110702874	3
X110716999	3
X110730556	3
X110685531	3
X110736388	3
X110698123	3
X110723936	3
X110738408	3
X110729559	3
X110709804	3
X110735553	3
X110700494	3
X110730559	3
X110687580	3
X110738374	3
X110696120	3
X110682499	3
X110731199	3
X110704632	3
X110688021	3
X110738342	3
X110734409	3
X110702360	3
X110731462	3
X110690184	3
X110693222	3
X110684278	3
X110720603	3
X110683635	3
X110716244	3
X110699181	3
X110699163	3
X110690676	3
X110707912	3
X110687490	3
X110706869	3
X110713829	3
X110723234	3
X110717151	3
X110738533	3
X110699271	3
X110682351	3
X110711840	3
X110719387	3
X110682527	3
X110725730	3
X110710448	3
X110693176	3
X110705708	3
X110739715	3
X110712079	3
X110690396	3
X110733567	3
X110725219	3
X110685939	3
X110684864	3
X110700533	3
X110692991	3
X110721970	3
X110685553	3
X110687903	3
X110696622	3
X110697876	3
X110714469	3
X110729147	3
X110713033	3
X110706003	3
X110724531	3
X110734720	3
X110733191	3
X110708354	3
X110726396	3
X110720023	3
X110735041	3
X110702856	3
X110722674	3
X110707004	3
X110715796	3
X110710686	3
X110722764	3
X110691116	3
X110698535	3
X110694145	3
X110728156	3
X110693211	3
X110734370	3
X110690152	3
X110711732	3
X110733632	3
X110724440	3
X110727699	3
X110703433	3
X110707009	3
X110684675	3
X110724256	3
X110710928	3
X110698522	3
X110687860	3
X110708728	3
X110715976	3
X110695416	3
X110700609	4
X110738975	4
X110711059	4
X110727129	4
X110693197	4
X110734228	4
X110697137	4
X110702695	4
X110722324	4
X110681983	4
X110712188	4
X110713805	4
X110733311	4
X110734728	4
X110730557	4
X110714046	4
X110740226	4
X110727963	4
X110738734	4
X110733312	4
X110735075	4
X110732320	5
X110687007	5
X110722781	5
X110737704	5
X110733192	5
X110695111	5
X110681949	5
X110730610	5
X110720369	5
X110704624	5
X110731351	5
X110735083	5
X110709114	5
X110738626	5
X110686976	5
X110712161	5
X110695139	5
X110718364	5
X110694696	5
X110719847	7
X110733885	7
X110699173	7
X110723935	7
X110684270	7
X110701049	7
X110709565	7
X110740228	7
X110685807	7
X110689711	7
X110728061	7
X110701888	7
X110689717	7
X110707514	7
X110690049	7
X110698037	7
X110691395	7
X110722322	7
X110709826	7
X110727995	7
X110705508	7
X110705957	7
X110693822	7
X110721788	7
X110697412	7
X110713914	7
X110719696	7
X110733309	7
X110712352	7
X110692822	7
X110716316	7
X110732182	7
X110699350	7
