gene_id	baseMean	log2FoldChange	lfcSE	stat	pvalue	padj	gene_name	gene_chr	gene_start	gene_end	gene_strand	gene_length	gene_biotype	gene_description	Family
110732320	706.948783008918	-1.86176021495634	0.266878484703454	47.3504924857781	5.93632017501627e-12	1.66526501595296e-08	LOC110732320	NW_018743175.1	831793	834752	+	2161	protein_coding	growth-regulating factor 2-like && sp|A0A060D764|GRF1_MAIZE Growth-regulating factor 1 OS=Zea mays OX=4577 GN=GRF1 PE=1 SV=1 && PF08880:QLQ|PF08879:WRC	GRF
110687007	69.1408928917311	-2.65394059300834	0.44372527291251	34.3911900267657	4.50759036776905e-09	2.18012492096477e-06	LOC110687007	NW_018743906.1	1801880	1803731	+	1168	pseudogene	- && sp|Q8L493|DAAA_ARATH D-amino-acid transaminase, chloroplastic OS=Arabidopsis thaliana OX=3702 GN=DAAT PE=1 SV=1 && PF01063:Amino-transferase class IV	-
110689810	225.885130620082	-1.12439597774248	0.193197696620199	33.5404114505489	6.979861598217e-09	3.06603527585322e-06	LOC110689810	NW_018743977.1	3446308	3451620	+	2600	protein_coding	uncharacterized CDP-alcohol phosphatidyltransferase class-I family protein C22A12.08c-like%2C transcript variant X1 && sp|O13899|YF38_SCHPO Uncharacterized CDP-alcohol phosphatidyltransferase class-I family protein C22A12.08c OS=Schizosaccharomyces pombe (strain 972 / ATCC 24843) OX=284812 GN=SPAC22A12.08c PE=3 SV=1 && PF13242:HAD-hyrolase-like	-
110722781	599.252087991253	-1.66642051011325	0.292992301386489	31.6043972008404	1.89001139961769e-08	6.30255989790704e-06	LOC110722781	NW_018742684.1	2622269	2625399	+	2340	protein_coding	growth-regulating factor 3-like && sp|A0A060D764|GRF1_MAIZE Growth-regulating factor 1 OS=Zea mays OX=4577 GN=GRF1 PE=1 SV=1 && PF08880:QLQ|PF08879:WRC	GRF
110682990	345.891963636295	-1.13819916763561	0.20288749433282	31.11447790913	2.43250287260372e-08	7.58187978696555e-06	LOC110682990	NW_018743616.1	1334936	1337622	+	2225	protein_coding	growth-regulating factor 6-like && sp|A2XA73|GRF1_ORYSI Growth-regulating factor 1 OS=Oryza sativa subsp. indica OX=39946 GN=GRF1 PE=2 SV=1 && PF08879:WRC|PF08880:QLQ	GRF
110737704	211.733135798666	-1.76094723673788	0.323579762279543	28.9246659027381	7.52485619642016e-08	1.73837457295299e-05	LOC110737704	NW_018743331.1	1522734	1529637	-	2464	protein_coding	D-amino-acid transaminase%2C chloroplastic-like && sp|Q8L493|DAAA_ARATH D-amino-acid transaminase, chloroplastic OS=Arabidopsis thaliana OX=3702 GN=DAAT PE=1 SV=1 && PF01063:Amino-transferase class IV	-
110732757	710.30650491895	-1.1448248727173	0.215870511018075	27.7606795448643	1.37288236033454e-07	2.69586044687092e-05	LOC110732757	NW_018743175.1	5844069	5850462	-	2585	protein_coding	protein NRT1/ PTR FAMILY 6.3-like && sp|Q05085|PTR7_ARATH Protein NRT1/ PTR FAMILY 6.3 OS=Arabidopsis thaliana OX=3702 GN=NPF6.3 PE=1 SV=1 && PF00854:POT family	C3H
110733192	217.722857353698	-1.61296632426887	0.308302106145561	26.824297333792	2.22818165449131e-07	3.94467540082069e-05	LOC110733192	NW_018743197.1	662472	676141	+	2361	lncRNA	uncharacterized LOC110733192%2C transcript variant X3 && - && -	-
110706181	976.558544806088	-1.07145663247207	0.208662788831674	26.0543184142219	3.31945560659115e-07	5.29938943242497e-05	LOC110706181	NW_018744931.1	76255	84266	-	3933	protein_coding	protein NLP9-like && sp|O22864|NLP8_ARATH Protein NLP8 OS=Arabidopsis thaliana OX=3702 GN=NLP8 PE=2 SV=1 && PF02042:RWP-RK domain|PF00564:PB1 domain	Nin-like
110696604	147.229277582984	-1.45876728364975	0.291608118274853	24.6095375126553	7.02034140964222e-07	9.12946583380394e-05	LOC110696604	NW_018744367.1	6010427	6014700	-	1945	protein_coding	heptahelical transmembrane protein 4-like && sp|Q9SZG0|HHP4_ARATH Heptahelical transmembrane protein 4 OS=Arabidopsis thaliana OX=3702 GN=HHP4 PE=2 SV=1 && PF03006:Haemolysin-III related	BES1
110695111	1733.51244897577	-1.05355828236698	0.217989004183031	23.0824491340584	1.5520093279211e-06	0.000168375862805098	LOC110695111	NW_018744290.1	885046	893045	+	2617	protein_coding	protein SUPPRESSOR OF FRI 4-like%2C transcript variant X1 && sp|Q9C5G0|SUF4_ARATH Protein SUPPRESSOR OF FRI 4 OS=Arabidopsis thaliana OX=3702 GN=SUF4 PE=1 SV=1 && -	C2H2
110714601	186.625479309843	-1.5457772013483	0.321363545743528	22.7085934742019	1.88522882947102e-06	0.000192308030700819	LOC110714601	NW_018745454.1	1644668	1653407	-	3761	protein_coding	SPX domain-containing membrane protein At4g22990-like%2C transcript variant X1 && sp|Q93ZQ5|SPXM3_ARATH SPX domain-containing membrane protein At4g22990 OS=Arabidopsis thaliana OX=3702 GN=At4g22990 PE=2 SV=2 && PF07690:Major Facilitator Superfamily|PF03105:SPX domain	C3H
110681949	1629.60116373592	-1.01266903540558	0.211462981751633	22.6768793861888	1.91660202315006e-06	0.000193996678492712	LOC110681949	NW_018743574.1	1851358	1858553	+	2681	protein_coding	protein SUPPRESSOR OF FRI 4-like%2C transcript variant X1 && sp|Q9C5G0|SUF4_ARATH Protein SUPPRESSOR OF FRI 4 OS=Arabidopsis thaliana OX=3702 GN=SUF4 PE=1 SV=1 && -	C2H2
110717271	82.4257895207299	-1.08957751741642	0.234573877300432	21.4546245951803	3.6230116635747e-06	0.000301892328438653	LOC110717271	NW_018745675.1	5008277	5012171	-	1241	lncRNA	uncharacterized LOC110717271 && - && -	-
110735502	196.135491597617	-1.12013078991315	0.244532858530785	20.7699553246378	5.17890968326956e-06	0.000388893537267773	LOC110735502	NW_018743284.1	417497	422892	-	2908	protein_coding	cleavage and polyadenylation specificity factor subunit CG7185-like%2C transcript variant X2 && - && PF00076:RNA recognition motif. (a.k.a. RRM, RBD, or RNP domain)	M-type_MADS
110730610	13.4633580423711	-2.21681842964562	0.487113034306595	20.6796030559056	5.42912638987613e-06	0.000398051288127808	LOC110730610	NW_018743033.1	3012802	3022136	+	2927	protein_coding	uncharacterized LOC110730610%2C transcript variant X2 && - && PF16900:Replication protein A OB domain	-
110699198	18.2447061275144	-3.49290059859208	0.772832290762977	20.3576672567101	6.42351899032291e-06	0.000455362565536014	LOC110699198	NW_018744582.1	909080	911756	+	1816	protein_coding	UDP-glycosyltransferase 76B1-like && sp|Q9C768|U76B1_ARATH UDP-glycosyltransferase 76B1 OS=Arabidopsis thaliana OX=3702 GN=UGT76B1 PE=2 SV=1 && PF00201:UDP-glucoronosyl and UDP-glucosyl transferase	GRAS
110701526	329.916715816511	-2.08797931242872	0.46227094232851	19.8350503830016	8.44203804691704e-06	0.000534748645510601	LOC110701526	NW_018744633.1	6189588	6191079	-	1492	pseudogene	- && - && -	NF-X1
110720369	66.4531799124996	-1.22140774984905	0.274299496484602	19.6612883521648	9.24555029464596e-06	0.000569123035613841	LOC110720369	NW_018742556.1	737343	739649	-	1619	protein_coding	putative F-box/LRR-repeat protein 23 && sp|Q9S9V9|FBL23_ARATH Putative F-box/LRR-repeat protein 23 OS=Arabidopsis thaliana OX=3702 GN=FBL23 PE=4 SV=1 && PF00646:F-box domain	NF-YC
110709283	58.4273379043788	-2.55425015872512	0.568500570939168	19.4534570904639	1.03081092991226e-05	0.000618412247976721	LOC110709283	NW_018745063.1	2682118	2686972	-	2028	protein_coding	probable glycosyltransferase At5g03795 && sp|Q9FFN2|GLYT3_ARATH Probable glycosyltransferase At5g03795 OS=Arabidopsis thaliana OX=3702 GN=At5g03795 PE=3 SV=2 && PF03016:Exostosin family	NAC
110686583	5.06323052316431	-6.72436513751838	1.47827639251665	19.2275351181263	1.16027700067177e-05	0.000679217445089711	LOC110686583	NW_018743880.1	476610	477532	-	393	lncRNA	uncharacterized LOC110686583 && - && -	-
110689333	2870.71256262526	-1.394515655428	0.318392081870507	18.8324709386799	1.42716650198141e-05	0.000799885981331144	LOC110689333	NW_018743955.1	7037293	7069246	+	7467	protein_coding	cellulose synthase-like protein E6%2C transcript variant X1 && sp|Q8VZK9|CSLE1_ARATH Cellulose synthase-like protein E1 OS=Arabidopsis thaliana OX=3702 GN=CSLE1 PE=2 SV=1 && -	LBD
110724457	55.1578714297457	-1.67128866253234	0.387826045664384	18.2792349774614	1.90775415593828e-05	0.000983244474621578	LOC110724457	NW_018742764.1	179039	184080	+	788	lncRNA	uncharacterized LOC110724457 && - && -	-
110704624	827.731095358951	-1.0809563071065	0.251843925985791	18.1975078583299	1.99139241755249e-05	0.00101568771966934	LOC110704624	NW_018744855.1	450769	457535	-	2564	protein_coding	protein NRT1/ PTR FAMILY 6.3-like && sp|Q05085|PTR7_ARATH Protein NRT1/ PTR FAMILY 6.3 OS=Arabidopsis thaliana OX=3702 GN=NPF6.3 PE=1 SV=1 && PF00854:POT family	C3H
110731351	695.512601439251	-2.11769330374065	0.491662414174768	17.9188184111406	2.30530371245265e-05	0.00113453875562848	LOC110731351	NW_018743066.1	2110622	2113169	+	1935	protein_coding	polyubiquitin-like && sp|P0CG71|UBIQ1_CAEEL Polyubiquitin-A OS=Caenorhabditis elegans OX=6239 GN=ubq-1 PE=3 SV=1 && -	MYB_related
110735083	113.491145408462	-1.14347724439356	0.270761785956748	17.6683568419143	2.62965025557505e-05	0.00124127709720191	LOC110735083	NW_018743252.1	5325075	5327849	+	1353	lncRNA	uncharacterized LOC110735083 && - && -	-
110707065	53.8934690378402	-1.150844610402	0.273463142218661	17.6113785977863	2.70962251256957e-05	0.00126383616313711	LOC110707065	NW_018744991.1	3779107	3780994	+	1612	protein_coding	fructose-bisphosphate aldolase 5%2C cytosolic-like && sp|O65581|ALFC5_ARATH Fructose-bisphosphate aldolase 5, cytosolic OS=Arabidopsis thaliana OX=3702 GN=FBA5 PE=1 SV=1 && PF00274:Fructose-bisphosphate aldolase class-I	ERF
110710053	4.93867080285632	-3.71842040340299	0.892572935381983	17.4253817599882	2.98809136066741e-05	0.00136773090917822	LOC110710053	NW_018742418.1	4267465	4273773	+	1870	protein_coding	uncharacterized LOC110710053%2C transcript variant X1 && - && PF01117:Aerolysin toxin|PF07468:Agglutinin domain	-
110709114	31.781993733364	-1.07701958190686	0.261104611475623	17.0837776546936	3.57665149371803e-05	0.00156438611092481	LOC110709114	NW_018745030.1	245792	248171	+	1762	pseudogene	- && sp|Q9SJI7|PLA20_ARATH Phospholipase A1-IIdelta OS=Arabidopsis thaliana OX=3702 GN=At2g42690 PE=1 SV=1 && PF01764:Lipase (class 3)	Trihelix
110738626	277.203849503077	-1.05603687966985	0.254273572006566	17.0701706736788	3.60237022286306e-05	0.00157260473459625	LOC110738626	NW_018743391.1	540689	544000	-	2166	pseudogene	- && sp|Q9SZA4|CDC21_ARATH Cell division cycle 20.1, cofactor of APC complex OS=Arabidopsis thaliana OX=3702 GN=CDC20-1 PE=1 SV=1 && PF00400:WD domain, G-beta repeat	G2-like
110690816	13.5069000344692	-2.9353471985063	0.703930327463824	16.887377627344	3.96644713029506e-05	0.00169136024047859	LOC110690816	NW_018744062.1	945089	945892	+	704	protein_coding	non-specific lipid-transfer protein-like && sp|P19656|NLTP_MAIZE Non-specific lipid-transfer protein OS=Zea mays OX=4577 PE=1 SV=1 && PF00234:Protease inhibitor/seed storage/LTP family	ARF
110709335	318.869437841471	-1.10791376186086	0.270258552117407	16.5997908375751	4.61561114214571e-05	0.00187454908361415	LOC110709335	NW_018745065.1	3054792	3057346	+	1036	lncRNA	uncharacterized LOC110709335 && sp|Q9FMR9|RIN1_ARATH RuvB-like protein 1 OS=Arabidopsis thaliana OX=3702 GN=RIN1 PE=1 SV=1 && -	bHLH
110686976	570.870584082097	-1.09483816959734	0.267915946536822	16.4925603880765	4.88413437582739e-05	0.00194077190874875	LOC110686976	NW_018743906.1	2164727	2169878	+	2286	protein_coding	protein RICE SALT SENSITIVE 3-like%2C transcript variant X1 && sp|K4PW38|RSS3_ORYSJ Protein RICE SALT SENSITIVE 3 OS=Oryza sativa subsp. japonica OX=39947 GN=RSS3 PE=1 SV=1 && PF14215:bHLH-MYC and R2R3-MYB transcription factors N-terminal	bHLH
110712161	287.107368239731	-1.04686246840431	0.258586128893245	16.2100628050827	5.6692171923932e-05	0.00216793735926834	LOC110712161	NW_018745291.1	46483	49549	-	2699	protein_coding	3-ketoacyl-CoA synthase 11-like%2C transcript variant X2 && sp|O48780|KCS11_ARATH 3-ketoacyl-CoA synthase 11 OS=Arabidopsis thaliana OX=3702 GN=KCS11 PE=1 SV=1 && PF08541:3-Oxoacyl-[acyl-carrier-protein (ACP)] synthase III C terminal|PF08392:FAE1/Type III polyketide synthase-like protein	-
110730551	202.418061941138	-2.28193760077631	0.561390215736353	15.9453443810972	6.51979358256405e-05	0.00237745453452217	LOC110730551	NW_018743033.1	1530839	1535410	+	2390	protein_coding	pyruvate decarboxylase 1-like && sp|P51850|PDC1_PEA Pyruvate decarboxylase 1 OS=Pisum sativum OX=3888 GN=PDC1 PE=2 SV=1 && PF02776:Thiamine pyrophosphate enzyme, N-terminal TPP binding domain|PF00205:Thiamine pyrophosphate enzyme, central domain|PF02775:Thiamine pyrophosphate enzyme, C-terminal TPP binding domain	NF-YC
110695139	45.5736869480101	-1.05787733277387	0.265493469607412	15.8508623046555	6.8535299257468e-05	0.00246031700890177	LOC110695139	NW_018744290.1	1194500	1198163	+	2594	protein_coding	5' exonuclease Apollo-like && sp|Q9H816|DCR1B_HUMAN 5' exonuclease Apollo OS=Homo sapiens OX=9606 GN=DCLRE1B PE=1 SV=1 && PF07522:DNA repair metallo-beta-lactamase	WOX
110718364	504.287285922334	-1.82678418408738	0.457834356138941	15.4922621369453	8.284369076026e-05	0.00282914805845886	LOC110718364	NW_018742455.1	1507142	1510120	-	1418	protein_coding	protein LNK3-like%2C transcript variant X2 && - && -	-
110732325	2100.44228329448	-1.7695756537523	0.443944208438221	15.4714494243701	8.3760939689399e-05	0.00284562576507073	LOC110732325	NW_018743175.1	928152	937716	+	4615	protein_coding	uncharacterized LOC110732325 && - && PF00628:PHD-finger	MYB_related
110694696	155.77017759405	-1.05503475515037	0.268518423185947	15.3088648498691	9.12871153031788e-05	0.00303053159704289	LOC110694696	NW_018744240.1	795612	798381	+	777	lncRNA	uncharacterized LOC110694696 && - && -	-
110702748	6995.28975357815	-1.25121202431361	0.319410816986934	15.1041419418165	0.000101739816822497	0.00327158481069704	LOC110702748	NW_018742393.1	951015	953551	+	1625	protein_coding	uncharacterized LOC110702748 && - && PF04862:Protein of unknown function (DUF642)	B3
110725241	305.377806391112	-2.44034847115438	0.618859272663709	14.8973139562108	0.000113524513185878	0.00353181367523095	LOC110725241	NW_018742810.1	1341016	1351857	+	4637	protein_coding	ABC transporter G family member 34-like%2C transcript variant X1 && sp|Q7PC87|AB34G_ARATH ABC transporter G family member 34 OS=Arabidopsis thaliana OX=3702 GN=ABCG34 PE=2 SV=1 && PF00005:ABC transporter|PF08370:Plant PDR ABC transporter associated|PF14510:ABC-transporter N-terminal|PF01061:ABC-2 type transporter	MYB_related
110731453	165.206130456941	-1.71055872840996	0.439036972735605	14.8275871481194	0.000117799647469951	0.00362389724826356	LOC110731453	NW_018743074.1	525929	528229	-	1370	protein_coding	monoacylglycerol lipase ABHD6-like && sp|Q1LZ86|ABHD6_BOVIN Monoacylglycerol lipase ABHD6 OS=Bos taurus OX=9913 GN=ABHD6 PE=2 SV=1 && PF00561:alpha/beta hydrolase fold	FAR1
110705903	175.555251564106	-1.01969496377054	0.263591739073278	14.8143410235522	0.000118629938078192	0.00363696608754475	LOC110705903	NW_018744887.1	1281172	1283082	-	960	protein_coding	WUSCHEL-related homeobox 11-like && sp|Q6X7J3|WOX11_ARATH WUSCHEL-related homeobox 11 OS=Arabidopsis thaliana OX=3702 GN=WOX11 PE=2 SV=2 && PF00046:Homeodomain	WOX
110713559	137.076144854282	-1.05626832719926	0.273730141885445	14.7525459927839	0.000122581890388604	0.00372520516274171	LOC110713559	NW_018745448.1	5850643	5854078	+	1344	lncRNA	uncharacterized LOC110713559 && - && -	-
110728785	142.044900899332	-1.14642784305264	0.297013469201878	14.7315858734939	0.000123952229276506	0.00375064875259494	LOC110728785	NW_018742963.1	95498	102926	-	2688	protein_coding	two-pore potassium channel 3-like && sp|Q9SVV6|KCO6_ARATH Two-pore potassium channel 3 OS=Arabidopsis thaliana OX=3702 GN=TPK3 PE=2 SV=1 && PF07885:Ion channel	C3H
110700638	54.3407331321365	-1.52465691593248	0.395092243669197	14.6457783067254	0.000129724886299049	0.00386546696481226	LOC110700638	NW_018744626.1	4886121	4888474	+	2354	protein_coding	putative UDP-rhamnose_rhamnosyltransferase 1 && sp|Q66PF2|URT1_FRAAN Putative UDP-rhamnose:rhamnosyltransferase 1 OS=Fragaria ananassa OX=3747 GN=GT4 PE=2 SV=1 && PF00201:UDP-glucoronosyl and UDP-glucosyl transferase	CO-like
110690736	522.36934002189	-1.1186749624037	0.291368333007945	14.5525089356934	0.00013630702401027	0.00400387864918126	LOC110690736	NW_018744062.1	1688732	1692735	-	2624	protein_coding	sialidase-like && - && -	-
110693559	80.4944064114524	-1.28068255852066	0.333806165412537	14.5507377347524	0.000136435220854815	0.00400464904979906	LOC110693559	NW_018744151.1	2305053	2312743	-	3268	protein_coding	protein STRUBBELIG-RECEPTOR FAMILY 3-like && sp|Q06BH3|SRF1_ARATH Protein STRUBBELIG-RECEPTOR FAMILY 1 OS=Arabidopsis thaliana OX=3702 GN=SRF1 PE=1 SV=2 && PF00069:Protein kinase domain|PF13855:Leucine rich repeat	bZIP
110715543	83.0641879871841	-1.76124374509586	0.456788032414623	14.5259863486254	0.000138239442289496	0.00403949227457988	LOC110715543	NW_018745523.1	964683	966918	-	2135	protein_coding	cytochrome P450 71A1-like && sp|A0A068Q721|C7113_PRUMU Cytochrome P450 71AP13 OS=Prunus mume OX=102107 GN=CYP71AP13 PE=2 SV=1 && PF00067:Cytochrome P450	HSF
110691471	1127.47174959859	-1.01868209218276	0.269956557312125	14.075783315367	0.000175590031780208	0.00476568577616041	LOC110691471	NW_018744080.1	2397563	2400863	-	2077	protein_coding	guanylate kinase 2-like && sp|Q9M682|GMK2_ARATH Guanylate kinase 2 OS=Arabidopsis thaliana OX=3702 GN=GK-2 PE=2 SV=1 && PF00625:Guanylate kinase	-
110720320	860.556165159969	-1.00484659293016	0.26641750008435	14.0677440714698	0.000176342185626591	0.00477619769387112	LOC110720320	NW_018742556.1	51644	55833	+	2289	protein_coding	GDP-L-galactose phosphorylase 2-like && sp|Q8RWE8|GGAP1_ARATH GDP-L-galactose phosphorylase 1 OS=Arabidopsis thaliana OX=3702 GN=VTC2 PE=1 SV=1 && PF16269:Domain of unknown function (DUF4922)	-
110700271	152.449704468414	-1.17876575034618	0.318630160663467	13.5203870994912	0.000235985734521034	0.00585832348409896	LOC110700271	NW_018744626.1	241064	250422	-	1293	lncRNA	uncharacterized LOC110700271%2C transcript variant X3 && - && -	-
110701106	45.8551677094956	-1.158565698754	0.314688217084029	13.4552192574287	0.000244325540116684	0.00601592284451569	LOC110701106	NW_018744633.1	4012801	4025602	+	5456	protein_coding	wall-associated receptor kinase-like 8 && sp|Q9LMN7|WAK5_ARATH Wall-associated receptor kinase 5 OS=Arabidopsis thaliana OX=3702 GN=WAK5 PE=2 SV=1 && PF00069:Protein kinase domain|PF13947:Wall-associated receptor kinase galacturonan-binding|PF07645:Calcium-binding EGF domain	WRKY
110686900	424.966496973049	-1.07400053142068	0.291306083759943	13.4300470022558	0.000247625910366244	0.0060629752978887	LOC110686900	NW_018743906.1	188879	192544	-	2162	lncRNA	uncharacterized LOC110686900%2C transcript variant X1 && sp|Q84JM4|TPR3_ARATH Topless-related protein 3 OS=Arabidopsis thaliana OX=3702 GN=TPR3 PE=1 SV=1 && -	C3H
110683061	34.745117498476	-1.13020172575912	0.309113947129425	13.3101453400214	0.000263973900411757	0.00633021934559117	LOC110683061	NW_018743616.1	2889505	2894704	+	3261	lncRNA	uncharacterized LOC110683061 && - && -	-
110711919	5.41281637739978	-7.09312383432617	1.84485324490005	13.2729125171811	0.00026926854784408	0.00643247182450155	LOC110711919	NW_018745286.1	1417369	1421200	-	1372	pseudogene	- && - && -	-
110686607	3.59610462618337	-6.21706238257883	1.66053331444098	13.2580031629261	0.000271418611818425	0.00647202376560109	LOC110686607	NW_018743892.1	21052	24895	+	1591	protein_coding	lysine-specific demethylase JMJ30-like && sp|Q8RWR1|JMJ30_ARATH Lysine-specific demethylase JMJ30 OS=Arabidopsis thaliana OX=3702 GN=JMJ30 PE=1 SV=1 && PF13621:Cupin-like domain	NAC
110686894	9.45877065795308	-2.39899434506238	0.664293013185682	12.9312961865739	0.000323133955711599	0.0073397569940206	LOC110686894	NW_018743906.1	1800018	1802306	-	2289	protein_coding	uncharacterized LOC110686894 && sp|Q8L493|DAAA_ARATH D-amino-acid transaminase, chloroplastic OS=Arabidopsis thaliana OX=3702 GN=DAAT PE=1 SV=1 && PF00240:Ubiquitin family	-
110683590	248.429564339183	-1.35509931548743	0.37370546945904	12.9235175915945	0.000324479522000323	0.00736180489169191	LOC110683590	NW_018743669.1	2584018	2587396	-	2125	protein_coding	NAC domain-containing protein 89-like && sp|Q94F58|NAC89_ARATH NAC domain-containing protein 89 OS=Arabidopsis thaliana OX=3702 GN=NAC089 PE=1 SV=1 && PF02365:No apical meristem (NAM) protein	NAC
110703931	15.5216982306151	-1.38185723237371	0.384884232506159	12.915254105079	0.000325915156296035	0.00738584300820206	LOC110703931	NW_018744790.1	1441547	1449205	-	4287	protein_coding	RNA polymerase II subunit 5-mediating protein homolog%2C transcript variant X3 && sp|Q3B7M7|RMP_BOVIN Unconventional prefoldin RPB5 interactor OS=Bos taurus OX=9913 GN=URI1 PE=2 SV=1 && PF02996:Prefoldin subunit	-
110723719	2715.41167843857	-1.28354235250979	0.355365331036272	12.8343647817811	0.000340310971010693	0.00762352608576041	LOC110723719	NW_018742204.1	22236687	22250014	-	1851	protein_coding	protein DETOXIFICATION 27-like && sp|Q9FKQ1|DTX27_ARATH Protein DETOXIFICATION 27 OS=Arabidopsis thaliana OX=3702 GN=DTX27 PE=2 SV=1 && PF01554:MatE	MYB_related
110730607	78.5549607493311	-1.09261736219603	0.304008317289635	12.7934196366566	0.000347840702941104	0.00772666737930202	LOC110730607	NW_018743033.1	2887038	2888653	+	1616	protein_coding	protein DOG1-like 4 && sp|Q84JC2|DOGL4_ARATH Protein DOG1-like 4 OS=Arabidopsis thaliana OX=3702 GN=DOGL4 PE=1 SV=1 && PF14144:Seed dormancy control	bHLH
110695265	93.3660313456494	-1.18449342093934	0.329743695102051	12.7550603399588	0.000355047296327068	0.00784680499080076	LOC110695265	NW_018744290.1	2421957	2426081	-	2648	protein_coding	probable 1-deoxy-D-xylulose-5-phosphate synthase 2%2C chloroplastic && sp|Q6YU51|DXS2_ORYSJ Probable 1-deoxy-D-xylulose-5-phosphate synthase 2, chloroplastic OS=Oryza sativa subsp. japonica OX=39947 GN=Os07g0190000 PE=2 SV=1 && PF02779:Transketolase, pyrimidine binding domain|PF02780:Transketolase, C-terminal domain|PF13292:1-deoxy-D-xylulose-5-phosphate synthase	-
110710120	19.5372408141175	-2.06563688004777	0.575269186313296	12.6582989723405	0.000373902247112892	0.00816245856079188	LOC110710120	NW_018745151.1	280572	294389	-	11106	pseudogene	- && sp|P04323|POL3_DROME Retrovirus-related Pol polyprotein from transposon 17.6 OS=Drosophila melanogaster OX=7227 GN=pol PE=4 SV=1 && -	bHLH
110705276	180.877140118228	-1.12987584390992	0.316798342288737	12.5643975854359	0.000393165463190551	0.00844220187855797	LOC110705276	NW_018744878.1	5602059	5604356	-	2298	protein_coding	uncharacterized LOC110705276 && sp|P04146|COPIA_DROME Copia protein OS=Drosophila melanogaster OX=7227 GN=GIP PE=1 SV=3 && PF14244:gag-polypeptide of LTR copia-type|PF03732:Retrotransposon gag protein|PF00665:Integrase core domain|PF13976:GAG-pre-integrase domain	MYB_related
110718757	199.031497061365	-1.13858365577809	0.321856477601471	12.3651237443411	0.000437428572379511	0.00908282524068354	LOC110718757	NW_018742461.1	3148159	3149895	-	1737	protein_coding	scopoletin glucosyltransferase-like && sp|Q9AT54|SCGT_TOBAC Scopoletin glucosyltransferase OS=Nicotiana tabacum OX=4097 GN=TOGT1 PE=1 SV=1 && PF00201:UDP-glucoronosyl and UDP-glucosyl transferase	ERF
110719103	126.529322335824	-1.02165906947472	0.289234058997208	12.3583578208357	0.000439016679062588	0.0090900794066436	LOC110719103	NW_018742483.1	894411	896578	+	966	lncRNA	uncharacterized LOC110719103 && - && -	-
110691474	102.50321310278	-1.10011968631849	0.311649222741544	12.3514080386609	0.000440653998656424	0.00910535089359907	LOC110691474	NW_018744080.1	2556036	2558485	-	1511	lncRNA	uncharacterized LOC110691474%2C transcript variant X1 && - && -	-
110731201	195.279489614346	-1.30717162314791	0.370073320988493	12.2840691431933	0.000456841203510266	0.0093542881050358	LOC110731201	NW_018742205.1	7179362	7183704	+	2339	protein_coding	probable serine/threonine-protein kinase PBL1 && sp|Q0WRY5|PBL7_ARATH Probable serine/threonine-protein kinase PBL7 OS=Arabidopsis thaliana OX=3702 GN=PBL7 PE=1 SV=1 && PF07714:Protein tyrosine kinase	Whirly
110713200	104.116355833046	-1.0975586042743	0.311829212007275	12.2756316725611	0.00045891129980228	0.00936737186961275	LOC110713200	NW_018745410.1	377235	384208	-	3094	protein_coding	uncharacterized LOC110713200 && - && -	-
110697743	56.2231971856217	-1.49885666218433	0.425252734056733	12.2424048100439	0.000467155821699273	0.00948145249901579	LOC110697743	NW_018744498.1	639881	643551	+	3269	lncRNA	uncharacterized LOC110697743 && - && -	-
110685849	4.98929860007222	-2.28038273562804	0.657527027073143	12.2173227917536	0.000473478250142343	0.00956528359971206	LOC110685849	NW_018743850.1	1067731	1071139	-	2376	protein_coding	uncharacterized LOC110685849 && - && PF05278:Arabidopsis phospholipase-like protein (PEARLI 4)	HB-other
110737509	141.250752274742	-1.4099908309575	0.400138130490822	12.2037063856387	0.000476946632894271	0.00959513040335559	LOC110737509	NW_018743331.1	4558961	4568621	-	1213	protein_coding	pathogen-related protein-like && sp|P16273|PRPX_HORVU Pathogen-related protein OS=Hordeum vulgare OX=4513 PE=2 SV=2 && -	MYB
110684268	60.7168020413537	-1.15942094683216	0.331120228578783	12.1599631226564	0.000488263424936995	0.00976352825231701	LOC110684268	NW_018743697.1	3143542	3146233	-	1401	protein_coding	peroxidase P7-like && sp|A7NY33|PER4_VITVI Peroxidase 4 OS=Vitis vinifera OX=29760 GN=GSVIVT00023967001 PE=1 SV=1 && PF00141:Peroxidase	NAC
110685369	65.5461145316005	-1.58522202747569	0.451290707796314	12.1142435683525	0.00050038132122543	0.00994143259826959	LOC110685369	NW_018743812.1	829561	837200	+	2742	protein_coding	SPX domain-containing membrane protein At4g22990-like%2C transcript variant X1 && sp|Q93ZQ5|SPXM3_ARATH SPX domain-containing membrane protein At4g22990 OS=Arabidopsis thaliana OX=3702 GN=At4g22990 PE=2 SV=2 && PF03105:SPX domain|PF07690:Major Facilitator Superfamily	C3H
110730223	9.01246776147022	-2.40714825939003	0.690148950345122	12.0827731891646	0.000508898460040961	0.0100533044372176	LOC110730223	NW_018743021.1	1690396	1693476	-	2107	protein_coding	aluminum-activated malate transporter 14-like && sp|O49696|ALMTC_ARATH Aluminum-activated malate transporter 12 OS=Arabidopsis thaliana OX=3702 GN=ALMT12 PE=2 SV=1 && PF11744:Aluminium activated malate transporter	-
110690929	50.2351642928328	-1.50569702746838	0.431751629714985	11.986439437442	0.0005358908206622	0.0103824571981975	LOC110690929	NW_018744066.1	1359874	1362416	-	2543	protein_coding	protein DETOXIFICATION 51-like && sp|Q9SZE2|DTX51_ARATH Protein DETOXIFICATION 51 OS=Arabidopsis thaliana OX=3702 GN=DTX51 PE=2 SV=1 && PF01554:MatE	B3
110723414	37.1269921526188	-1.52677506410326	0.441861241443062	11.7957759466564	0.00059365263303127	0.0111873895667164	LOC110723414	NW_018742730.1	1833436	1845598	-	2312	pseudogene	- && sp|Q5GI04|HIR1_CAPAN Hypersensitive-induced reaction 1 protein OS=Capsicum annuum OX=4072 GN=HIR1 PE=1 SV=1 && -	-
110721034	39557.5759230715	-1.01841016826986	0.294906993370799	11.7862171153237	0.00059670866389584	0.0112025949340203	LOC110721034	NW_018742577.1	3964368	3966636	+	1723	protein_coding	polyubiquitin && sp|P0CG85|UBI1P_NICSY Polyubiquitin OS=Nicotiana sylvestris OX=4096 GN=UBI11 PE=2 SV=1 && PF00240:Ubiquitin family	MYB_related
110710860	287.701807275945	-1.62217608025269	0.467620648575132	11.7681645763402	0.000602523597485921	0.0112682888680415	LOC110710860	NW_018745177.1	2327692	2341689	+	1659	protein_coding	transcription factor TGA9-like && - && PF14144:Seed dormancy control	bHLH
110688997	225.330604665371	-1.01933293262843	0.296388582531976	11.7116277325419	0.000621107660850186	0.0115114493461866	LOC110688997	NW_018743946.1	3034149	3039491	+	1869	protein_coding	UPF0496 protein At3g19330-like%2C transcript variant X1 && sp|Q9LT84|U496M_ARATH UPF0496 protein At3g19330 OS=Arabidopsis thaliana OX=3702 GN=At3g19330 PE=2 SV=2 && PF05055:Protein of unknown function (DUF677)	-
110690546	75.5249007878606	-1.32661875407804	0.387396538291004	11.5809593716785	0.000666305569730707	0.0120863185131388	LOC110690546	NW_018742329.1	4121668	4123508	-	1460	protein_coding	uncharacterized LOC110690546 && - && -	-
110704296	54.1431766891785	-1.06074319328834	0.31192740787744	11.5118783875322	0.000691528627745068	0.0123580316718699	LOC110704296	NW_018742204.1	4754807	4757392	+	2237	lncRNA	uncharacterized LOC110704296%2C transcript variant X1 && - && -	WRKY
110710631	16.3005041912164	-2.20657896688847	0.643586134155058	11.5115670017357	0.000691644478770914	0.0123580316718699	LOC110710631	NW_018745174.1	1399148	1403088	-	1683	protein_coding	26S proteasome regulatory subunit 7-like && sp|Q41365|PRS7_SPIOL 26S proteasome regulatory subunit 7 OS=Spinacia oleracea OX=3562 GN=RPT1 PE=2 SV=1 && PF00004:ATPase family associated with various cellular activities (AAA)|PF17862:AAA+ lid domain	NAC
110717280	19.8266482207794	-3.18684957697155	0.963232826170031	11.5019356316352	0.000695237526408134	0.0124052991252279	LOC110717280	NW_018745675.1	4673806	4677633	-	2428	lncRNA	uncharacterized LOC110717280%2C transcript variant X1 && - && -	-
110709931	6.09515450268494	-2.8472378955882	0.847137566797345	11.4480383596529	0.000715695127877207	0.0126838875257769	LOC110709931	NW_018745082.1	1805194	1806155	-	720	protein_coding	uncharacterized LOC110709931 && - && PF13976:GAG-pre-integrase domain	WRKY
110733010	74.0629727425964	-1.1674750252553	0.344593981946006	11.3438817105938	0.000756969374063834	0.0131806034962447	LOC110733010	NW_018743196.1	946997	952621	+	4921	pseudogene	- && sp|Q93XK2|STSYN_PEA Stachyose synthase OS=Pisum sativum OX=3888 GN=STS1 PE=1 SV=1 && -	-
110702257	80.7103645119813	-1.14236690519927	0.33826031480246	11.3123123452729	0.000769948272432784	0.0133032237094219	LOC110702257	NW_018744689.1	221466	228374	+	1499	protein_coding	sperm-associated antigen 1-like && - && -	-
110720313	163.279529117821	-1.46254050924256	0.430812474622593	11.3150680851521	0.000768806421078184	0.0133032237094219	LOC110720313	NW_018742556.1	1384698	1390068	+	2130	protein_coding	protein NRT1/ PTR FAMILY 7.3-like && sp|Q9LQL2|PTR14_ARATH Protein NRT1/ PTR FAMILY 7.3 OS=Arabidopsis thaliana OX=3702 GN=NPF7.3 PE=1 SV=2 && PF00854:POT family	G2-like
110707253	1279.71915000712	-1.01973975648767	0.301772626587713	11.2862469508945	0.000780833694604272	0.0134263054676855	LOC110707253	NW_018744996.1	1492811	1496972	-	2968	protein_coding	guanylate kinase 2-like%2C transcript variant X1 && sp|Q9M682|GMK2_ARATH Guanylate kinase 2 OS=Arabidopsis thaliana OX=3702 GN=GK-2 PE=2 SV=1 && PF00625:Guanylate kinase	-
110710020	49.6145383544827	-1.04440330226237	0.310274175587809	11.2655241319226	0.000789598826751426	0.0135265070221481	LOC110710020	NW_018742418.1	4139299	4143310	-	3790	protein_coding	uncharacterized LOC110710020 && - && -	G2-like
110702100	94.5978924492016	-2.54859366630469	0.743323823487544	11.2611442399189	0.000791464081459313	0.0135438644318743	LOC110702100	NW_018744662.1	3466120	3472465	+	2280	protein_coding	uncharacterized LOC110702100 && - && -	-
110688408	3188.37710263041	-1.07981523771867	0.32019715881964	11.229495082889	0.000805075444484668	0.0137445992517254	LOC110688408	NW_018743920.1	8291700	8299671	+	6084	protein_coding	uncharacterized LOC110688408%2C transcript variant X1 && - && PF10539:Development and cell death domain	NAC
110695214	9.82888029507548	-2.38329256073151	0.711390038719552	11.217228153944	0.000810414485362843	0.0138079861534295	LOC110695214	NW_018742345.1	7036575	7040256	-	848	protein_coding	UDP-glycosyltransferase 79B30-like && sp|I1KEV6|FG3H_SOYBN UDP-glycosyltransferase 79B30 OS=Glycine max OX=3847 GN=FG3 PE=1 SV=2 && PF00201:UDP-glucoronosyl and UDP-glucosyl transferase	SBP
110718249	90.7189639753908	-1.0425786401392	0.310808203559772	11.1527972510764	0.000839050592743674	0.0141001428878144	LOC110718249	NW_018745684.1	3267406	3270710	+	3118	protein_coding	lateral signaling target protein 2 homolog && - && -	-
110718388	824.587420817755	-2.06181747745523	0.608171753940591	11.1147840322574	0.000856422965383151	0.0143185607149819	LOC110718388	NW_018742204.1	11264769	11268648	+	2763	protein_coding	cellulose synthase-like protein E1%2C transcript variant X1 && sp|Q8VZK9|CSLE1_ARATH Cellulose synthase-like protein E1 OS=Arabidopsis thaliana OX=3702 GN=CSLE1 PE=2 SV=1 && PF03552:Cellulose synthase	LBD
110699200	170.334856347785	-1.0826363632707	0.323622824598929	11.0753662959241	0.000874821368447388	0.0145026845095121	LOC110699200	NW_018744582.1	928925	931214	+	2290	protein_coding	probable splicing factor 3A subunit 1 && sp|Q8RXF1|SF3A1_ARATH Probable splicing factor 3A subunit 1 OS=Arabidopsis thaliana OX=3702 GN=At1g14650 PE=1 SV=2 && -	ERF
110734385	22.814559870463	-1.29404304301424	0.387843079660699	11.0774653519722	0.000873831627898273	0.0145026845095121	LOC110734385	NW_018743212.1	2448760	2469851	-	5692	protein_coding	myosin-9-like && sp|F4HWY6|MYO11_ARATH Myosin-11 OS=Arabidopsis thaliana OX=3702 GN=XI-E PE=3 SV=1 && PF02736:Myosin N-terminal SH3-like domain|PF00063:Myosin head (motor domain)|PF01843:DIL domain	NAC
110689335	177.85763204392	-3.45724182664966	1.00206744280217	11.055968376236	0.000884021612290547	0.0146305018034078	LOC110689335	NW_018743955.1	7071434	7074874	+	2617	protein_coding	cellulose synthase-like protein E6 && sp|Q651X7|CSLE1_ORYSJ Cellulose synthase-like protein E1 OS=Oryza sativa subsp. japonica OX=39947 GN=CSLE1 PE=2 SV=2 && PF03552:Cellulose synthase	LBD
110696714	34.846490394735	-1.25751689526371	0.378148250205984	10.9816816330367	0.000920168957494366	0.0150011604265987	LOC110696714	NW_018742372.1	718896	728346	+	1040	lncRNA	uncharacterized LOC110696714%2C transcript variant X1 && - && -	-
110703533	2.40622396632681	-4.52354867194185	1.38488187069722	10.9770667719378	0.000922463199394024	0.0150256827444424	LOC110703533	NW_018744729.1	276673	278990	+	2184	pseudogene	- && sp|P10582|DPOM_MAIZE DNA polymerase OS=Zea mays OX=4577 PE=3 SV=1 && -	-
110683465	6175.99068134313	-1.09213755052303	0.327945054226405	10.9480096758197	0.000937042154483994	0.015169190656657	LOC110683465	NW_018743669.1	1117699	1119157	+	1459	protein_coding	probable pyridoxal 5'-phosphate synthase subunit PDX1 && sp|Q39963|PDX1_HEVBR Probable pyridoxal 5'-phosphate synthase subunit PDX1 OS=Hevea brasiliensis OX=3981 GN=PDX1 PE=2 SV=1 && PF01680:SOR/SNZ family	-
110691539	55.7874138553956	-1.6239667367215	0.487369300477827	10.8967494685056	0.000963331608423069	0.0154799190906707	LOC110691539	NW_018744080.1	3698720	3700821	+	2102	protein_coding	zeatin O-glucosyltransferase-like && sp|P56725|ZOX_PHAVU Zeatin O-xylosyltransferase OS=Phaseolus vulgaris OX=3885 GN=ZOX1 PE=2 SV=1 && PF00201:UDP-glucoronosyl and UDP-glucosyl transferase	bHLH
110726261	15.0822569185663	-1.45142588554128	0.440303036974739	10.8919186750038	0.000965847278806138	0.0155139959838664	LOC110726261	NW_018742205.1	1629735	1631904	+	1647	protein_coding	disease resistance protein RGA2-like && - && -	HSF
110737236	5.70705700991593	-2.56510058306706	0.778769093712364	10.8401966782878	0.000993201826481312	0.0158432231240457	LOC110737236	NW_018743292.1	4142786	4143402	+	510	protein_coding	putative pentatricopeptide repeat-containing protein At1g12700%2C mitochondrial && - && PF12854:PPR repeat|PF13041:PPR repeat family	-
110694677	1087.1460036528	-1.01054482073981	0.306453388414049	10.7503847908226	0.00104257639451632	0.0164108628223805	LOC110694677	NW_018744240.1	504221	510356	-	1857	protein_coding	rhoGEF domain-containing protein gxcI-like && - && -	-
110702601	9.73119971720756	-1.94743866821173	0.594022360624885	10.6921008472903	0.00107593952286877	0.0167348011412378	LOC110702601	NW_018742393.1	838567	840298	+	1627	lncRNA	uncharacterized LOC110702601 && - && -	-
110715348	3.952642515237	-3.63411056281492	1.10655590898235	10.6480784648439	0.00110185323833536	0.0170232424190183	LOC110715348	NW_018745523.1	1192370	1194584	-	2215	protein_coding	cytochrome P450 71A6-like && sp|A0A068Q6L2|C7317_PRUMU Cytochrome P450 736A117 OS=Prunus mume OX=102107 GN=CYP736A117 PE=2 SV=1 && -	MYB
110729523	1346.18143405563	-1.66844294518283	0.505481794376349	10.6343303717771	0.0011100747181483	0.0170696806600776	LOC110729523	NW_018742987.1	216443	224641	+	5283	protein_coding	ABC transporter C family member 10-like && sp|Q9LYS2|AB10C_ARATH ABC transporter C family member 10 OS=Arabidopsis thaliana OX=3702 GN=ABCC10 PE=2 SV=2 && PF00005:ABC transporter|PF00664:ABC transporter transmembrane region	bZIP
110707627	54.773099741525	-1.10266301965791	0.339079811162825	10.4871159146159	0.00120209870553377	0.0179574067943811	LOC110707627	NW_018745003.1	180084	182424	-	2341	protein_coding	protein DETOXIFICATION 51-like && sp|Q9SZE2|DTX51_ARATH Protein DETOXIFICATION 51 OS=Arabidopsis thaliana OX=3702 GN=DTX51 PE=2 SV=1 && PF01554:MatE	B3
110703287	82.7884107087819	-2.05974248400164	0.6261640327448	10.4800271237679	0.00120671984678726	0.0180058923035243	LOC110703287	NW_018744718.1	1437505	1442694	-	2799	pseudogene	- && sp|Q9XI23|BOR4_ARATH Boron transporter 4 OS=Arabidopsis thaliana OX=3702 GN=BOR4 PE=2 SV=1 && -	M-type_MADS
110691686	1.35800225498359	-6.02202029095514	1.8888939420817	10.4688625565728	0.00121403444271953	0.0180738342186975	LOC110691686	NW_018744092.1	694215	698455	+	828	protein_coding	xyloglucan endotransglucosylase/hydrolase protein 31-like && sp|P93046|XTH31_ARATH Xyloglucan endotransglucosylase/hydrolase protein 31 OS=Arabidopsis thaliana OX=3702 GN=XTH31 PE=1 SV=2 && PF06955:Xyloglucan endo-transglycosylase (XET) C-terminus|PF00722:Glycosyl hydrolases family 16	GRAS
110699617	11.8156223079688	-1.4703230363548	0.456675909719525	10.3872343972326	0.001268895395921	0.0186432206823814	LOC110699617	NW_018744593.1	1763079	1763947	+	869	pseudogene	- && - && -	-
110684198	45.0113538421894	-1.21159142664316	0.374752768110878	10.3744592262281	0.00127770566259499	0.018695728199364	LOC110684198	NW_018743697.1	2432122	2434159	+	1513	protein_coding	uncharacterized LOC110684198 && - && -	-
110697378	7.31894693514011	-3.09911050354567	0.950492580733133	10.3339219307657	0.00130607387176997	0.0189905365294417	LOC110697378	NW_018744460.1	2458009	2460530	-	1701	protein_coding	putative disease resistance protein RGA4 && sp|Q9STE7|R13L3_ARATH Putative disease resistance RPP13-like protein 3 OS=Arabidopsis thaliana OX=3702 GN=RPP13L3 PE=3 SV=1 && PF18052:Rx N-terminal domain|PF13855:Leucine rich repeat|PF00931:NB-ARC domain	EIL
110708420	3.60660514069681	-3.43069814229852	1.07803800549441	10.319021581641	0.00131666072533205	0.0191077554434901	LOC110708420	NW_018745024.1	6735516	6740110	+	1001	lncRNA	uncharacterized LOC110708420 && - && -	-
110735089	48.4282259947764	-1.05462009342881	0.32749727585642	10.3140762719479	0.00132019358460508	0.0191344893185118	LOC110735089	NW_018743252.1	5444155	5446121	+	1742	protein_coding	delta(24)-sterol reductase-like && sp|Q39085|DIM_ARATH Delta(24)-sterol reductase OS=Arabidopsis thaliana OX=3702 GN=DIM PE=1 SV=2 && PF01565:FAD binding domain	-
110713385	1021.17215287349	-1.1900340403414	0.369462348791805	10.2260336495729	0.00138472117459419	0.0197977677767247	LOC110713385	NW_018745413.1	941021	943788	+	1932	lncRNA	uncharacterized LOC110713385 && - && -	-
110694679	16.8932869103945	-1.92891487391356	0.599016586297514	10.2088579708851	0.00139767697557951	0.0199024539020791	LOC110694679	NW_018744240.1	522315	524546	+	2116	lncRNA	uncharacterized LOC110694679 && - && -	-
110733381	211.052956036165	-1.13435019935295	0.35366940764036	10.1624133321432	0.00143332872654206	0.0201843007902475	LOC110733381	NW_018743199.1	1372469	1377488	-	1980	protein_coding	transcription factor MYB1-like && sp|Q42575|MYB1_ARATH Transcription factor MYB1 OS=Arabidopsis thaliana OX=3702 GN=MYB1 PE=2 SV=1 && PF13921:Myb-like DNA-binding domain	MYB
110734152	14.3581206126071	-1.76641756710613	0.555503134114945	10.0680976979391	0.00150858710861668	0.0210393258226928	LOC110734152	NW_018743212.1	4292215	4293219	-	1005	protein_coding	zinc finger protein 8-like && sp|P93751|ZFP8_ARATH Zinc finger protein 8 OS=Arabidopsis thaliana OX=3702 GN=ZFP8 PE=1 SV=1 && -	C2H2
110710944	20.9072838613849	-1.8559733624952	0.580858273221726	10.0285277531402	0.00154134185627672	0.0213370175261035	LOC110710944	NW_018745190.1	877619	880970	-	1923	protein_coding	uncharacterized LOC110710944%2C transcript variant X1 && - && PF12428:Protein of unknown function (DUF3675)|PF12906:RING-variant domain	C2H2
110713216	30.252399730396	-2.30027105643097	0.7347229998857	10.0035745158033	0.00156236677332917	0.0215569851844499	LOC110713216	NW_018745410.1	6950960	6952882	+	1546	lncRNA	uncharacterized LOC110713216%2C transcript variant X2 && - && -	bHLH
110734459	53.2378247810955	-1.54245571305961	0.483680620107517	9.99669954539991	0.00156821031332379	0.0216023583427447	LOC110734459	NW_018743212.1	3341559	3343578	-	2020	protein_coding	receptor-like protein 12 && sp|Q9M9X0|RLP32_ARATH Receptor-like protein 32 OS=Arabidopsis thaliana OX=3702 GN=RLP32 PE=2 SV=1 && PF13855:Leucine rich repeat	B3
110690864	53.785330421533	-1.32777654715629	0.419140076158956	9.90725127067992	0.00164628818214761	0.0223101020626236	LOC110690864	NW_018742329.1	5753186	5764399	-	1520	protein_coding	floral homeotic protein AGAMOUS-like%2C transcript variant X2 && sp|Q40872|AG_PANGI Floral homeotic protein AGAMOUS OS=Panax ginseng OX=4054 GN=AG2 PE=2 SV=1 && PF01486:K-box region|PF00319:SRF-type transcription factor (DNA-binding and dimerisation domain)	MIKC_MADS
110693199	74.0700107954301	-1.35602462840463	0.427867478534489	9.90395235139181	0.0016492418882509	0.0223280305411045	LOC110693199	NW_018742204.1	13955374	13960675	-	2247	protein_coding	zinc finger protein JAGGED-like && sp|Q6S591|JAG_ARATH Zinc finger protein JAGGED OS=Arabidopsis thaliana OX=3702 GN=JAG PE=1 SV=1 && -	C2H2
110683250	32.741578610067	-1.29008549708301	0.409513174156202	9.85344589065164	0.00169513939513916	0.0227445198036557	LOC110683250	NW_018743649.1	89118	97930	+	613	protein_coding	uncharacterized LOC110683250 && sp|Q949Q0|GPDA2_ARATH Glycerol-3-phosphate dehydrogenase [NAD(+)] 2, chloroplastic OS=Arabidopsis thaliana OX=3702 GN=GLY1 PE=1 SV=1 && -	-
110700150	25.9598191862503	-1.92895622456399	0.609167206123668	9.79456191324118	0.00175028703925815	0.0231748532561188	LOC110700150	NW_018744620.1	1091142	1094825	+	1770	protein_coding	reticulon-like protein B17%2C transcript variant X1 && sp|Q6DR04|RTNLQ_ARATH Reticulon-like protein B17 OS=Arabidopsis thaliana OX=3702 GN=RTNLB17 PE=2 SV=1 && PF02453:Reticulon	C2H2
110726308	613.895581805619	-1.13451439916294	0.362055995321045	9.69038348203748	0.00185234877317299	0.0241044709638247	LOC110726308	NW_018742879.1	22566	28970	+	2343	protein_coding	ABC transporter B family member 25-like && sp|Q9FNU2|AB25B_ORYSJ ABC transporter B family member 25 OS=Oryza sativa subsp. japonica OX=39947 GN=ABCB25 PE=2 SV=1 && PF00664:ABC transporter transmembrane region|PF00005:ABC transporter	M-type_MADS
110691363	33.6092946749237	-1.31919747565022	0.422294273025724	9.65490229565472	0.00188846937361203	0.024441282406825	LOC110691363	NW_018744080.1	2574383	2577755	-	2119	protein_coding	isoflavone 2'-hydroxylase-like && sp|W8JMU7|CYQ32_CATRO Cytochrome P450 81Q32 OS=Catharanthus roseus OX=4058 GN=CYP81Q32 PE=2 SV=1 && PF00067:Cytochrome P450	B3
110731698	94.2384440269735	-1.08105563000858	0.346647919702304	9.61587893166535	0.00192902117604127	0.0247507665903946	LOC110731698	NW_018743074.1	2193781	2195133	-	1353	protein_coding	auxin-responsive protein SAUR32-like && sp|Q9ZUZ3|SAU32_ARATH Auxin-responsive protein SAUR32 OS=Arabidopsis thaliana OX=3702 GN=SAUR32 PE=2 SV=1 && PF02519:Auxin responsive protein	ZF-HD
110722787	2.68502854704801	-3.41274088380188	1.12931129638432	9.60892827113031	0.0019363361619805	0.0248029126188715	LOC110722787	NW_018742684.1	2700910	2704913	-	3403	lncRNA	uncharacterized LOC110722787 && - && -	-
110696537	31.90918427561	-1.1225535203801	0.361062470686907	9.5963923534531	0.00194960033272317	0.0249078249404805	LOC110696537	NW_018744367.1	2559477	2560937	+	1461	protein_coding	uncharacterized LOC110696537 && - && -	-
110691570	29.4745314053324	-1.36688812068569	0.439040219535704	9.58662351305264	0.00196000050866772	0.0249718884191507	LOC110691570	NW_018744080.1	4273794	4277060	-	2460	protein_coding	cytokinin dehydrogenase 1-like%2C transcript variant X1 && sp|O22213|CKX1_ARATH Cytokinin dehydrogenase 1 OS=Arabidopsis thaliana OX=3702 GN=CKX1 PE=1 SV=1 && PF01565:FAD binding domain|PF09265:Cytokinin dehydrogenase 1, FAD and cytokinin binding	bHLH
110691401	243.565116339633	-1.27181995175436	0.408733043223693	9.53023204461567	0.00202114564060228	0.0255147710521933	LOC110691401	NW_018744080.1	693168	707143	+	2291	protein_coding	bZIP transcription factor TGA10-like && sp|Q52MZ2|TGA10_TOBAC bZIP transcription factor TGA10 OS=Nicotiana tabacum OX=4097 GN=TGA10 PE=1 SV=1 && PF14144:Seed dormancy control|PF00170:bZIP transcription factor	bZIP
110737712	84.7456993562225	-1.60418063090105	0.514830845453035	9.50798885520908	0.00204579258894959	0.0257184418520541	LOC110737712	NW_018742244.1	907230	909549	-	1381	protein_coding	alpha-amylase-like && sp|P17859|AMYA_VIGMU Alpha-amylase OS=Vigna mungo OX=3915 GN=AMY1.1 PE=2 SV=1 && PF07821:Alpha-amylase C-terminal beta-sheet domain|PF00128:Alpha amylase, catalytic domain	ERF
110697358	19.2787205012699	-1.19495960364425	0.388135121756708	9.47309691146231	0.00208507076848854	0.0261193417046276	LOC110697358	NW_018744460.1	1165083	1166261	-	567	protein_coding	blue copper protein-like && sp|Q41001|BCP_PEA Blue copper protein OS=Pisum sativum OX=3888 PE=2 SV=1 && PF02298:Plastocyanin-like domain	-
110700576	50.9236536865051	-1.23097209903669	0.398533890100192	9.44135131309412	0.00212147126402826	0.0263994109480931	LOC110700576	NW_018742390.1	7283994	7289609	+	4113	protein_coding	protein SIEVE ELEMENT OCCLUSION B-like && sp|Q9SS87|SEOB_ARATH Protein SIEVE ELEMENT OCCLUSION B OS=Arabidopsis thaliana OX=3702 GN=SEOB PE=1 SV=1 && PF14576:Sieve element occlusion N-terminus|PF14577:Sieve element occlusion C-terminus	bHLH
110702753	26.7947470227104	-1.22226545952857	0.396617301716193	9.43766316291953	0.00212574178760914	0.026427431853363	LOC110702753	NW_018744702.1	225529	249278	+	639	lncRNA	uncharacterized LOC110702753%2C transcript variant X1 && - && -	-
110685172	16.8403471403321	-1.68076715693951	0.545914095788529	9.37589056237846	0.00219857867954318	0.0270588469074583	LOC110685172	NW_018743792.1	663084	665966	+	2883	protein_coding	ethylene-responsive transcription factor ERF054-like && sp|Q9SKT1|ERF53_ARATH Ethylene-responsive transcription factor ERF053 OS=Arabidopsis thaliana OX=3702 GN=ERF053 PE=1 SV=1 && PF00847:AP2 domain	ERF
110738543	63.2536213221542	-1.902581743568	0.613964763614207	9.37518279658883	0.00219942772246256	0.0270608160852983	LOC110738543	NW_018743391.1	2407757	2409718	+	1962	pseudogene	- && - && -	-
110697060	18.5175593839684	-1.54345841166287	0.503260580837645	9.32113663251249	0.00226525430127956	0.027508760721754	LOC110697060	NW_018744460.1	425340	429495	-	2613	pseudogene	- && - && PF05686:Glycosyl transferase family 90	-
110734323	177.451739312642	-1.1912572902415	0.387683025483833	9.31391781556226	0.00227419663195302	0.0275867415889706	LOC110734323	NW_018743212.1	1544416	1549375	-	3256	protein_coding	uncharacterized LOC110734323 && sp|F4HXL0|PLIP2_ARATH Phospholipase A1 PLIP2, chloroplastic OS=Arabidopsis thaliana OX=3702 GN=PLIP2 PE=1 SV=1 && PF01764:Lipase (class 3)	-
110705767	929.814066785713	-1.32394502569428	0.430350769700921	9.30556733798664	0.0022845854950518	0.02765799203057	LOC110705767	NW_018744878.1	5734193	5736694	-	1744	protein_coding	vegetative cell wall protein gp1-like && - && PF01190:Pollen proteins Ole e I like	Nin-like
110730912	9868.05117954897	-1.31184288532935	0.426950311832438	9.28177255729747	0.00231445352401518	0.0278906208188549	LOC110730912	NW_018743050.1	2514805	2519603	+	1958	protein_coding	serine carboxypeptidase-like && sp|Q56WF8|SCP48_ARATH Serine carboxypeptidase-like 48 OS=Arabidopsis thaliana OX=3702 GN=SCPL48 PE=2 SV=2 && PF00450:Serine carboxypeptidase	C3H
110738852	43.7876428017558	-1.2229427292278	0.400657007951715	9.21944070632134	0.00239458686832028	0.0285063989328713	LOC110738852	NW_018743397.1	199197	209404	+	2112	protein_coding	UPF0160 protein-like%2C transcript variant X1 && sp|Q9JK81|MYG1_MOUSE MYG1 exonuclease OS=Mus musculus OX=10090 GN=Myg1 PE=1 SV=1 && PF03690:Uncharacterised protein family (UPF0160)	-
110721486	585.647948034176	-1.36147704071355	0.445144478551483	9.19176909551203	0.00243105814572789	0.0288095795284162	LOC110721486	NW_018742616.1	943689	952411	-	1662	protein_coding	transcription factor UNE10-like%2C transcript variant X1 && sp|Q8GZ38|UNE10_ARATH Transcription factor UNE10 OS=Arabidopsis thaliana OX=3702 GN=UNE10 PE=2 SV=1 && PF00010:Helix-loop-helix DNA-binding domain	bHLH
110715025	4.74868847982427	-4.86676639613477	1.5642732648814	9.16061959883683	0.00247278830242472	0.0291283188365705	LOC110715025	NW_018745468.1	17261	20409	+	2910	protein_coding	uncharacterized LOC110715025 && sp|Q94HW2|POLR1_ARATH Retrovirus-related Pol polyprotein from transposon RE1 OS=Arabidopsis thaliana OX=3702 GN=RE1 PE=2 SV=1 && -	LBD
110716941	13.3624533083156	-1.5970635893077	0.525519200186923	9.15882664394056	0.00247521228599508	0.0291443375341676	LOC110716941	NW_018745650.1	4640580	4641785	+	708	lncRNA	uncharacterized LOC110716941 && - && -	-
110739721	87.5461289457818	-1.42791468697559	0.46998463790012	9.0805237865834	0.00258346044012892	0.0300043014845127	LOC110739721	NW_018743510.1	2728116	2729121	+	772	lncRNA	uncharacterized LOC110739721 && - && -	-
110723163	49.3702354520586	-1.35555208916716	0.447893452113658	9.04942379784382	0.00262777622787031	0.0303442092905471	LOC110723163	NW_018742720.1	2372715	2375127	+	1440	protein_coding	uncharacterized LOC110723163 && sp|Q9FPT1|UBP12_ARATH Ubiquitin C-terminal hydrolase 12 OS=Arabidopsis thaliana OX=3702 GN=UBP12 PE=1 SV=2 && PF00917:MATH domain	-
110717393	10.5042218145511	-1.99065639846961	0.658349193041088	9.0031092037286	0.00269520685470448	0.0308415688417019	LOC110717393	NW_018745684.1	4131150	4136182	+	2849	pseudogene	- && sp|Q651X7|CSLE1_ORYSJ Cellulose synthase-like protein E1 OS=Oryza sativa subsp. japonica OX=39947 GN=CSLE1 PE=2 SV=2 && -	ARF
110735206	803.597177482126	-1.51998624530805	0.501641402158889	8.9914380232791	0.00271247465512401	0.0309361460794805	LOC110735206	NW_018743252.1	9714441	9715732	+	1043	protein_coding	expansin-A1-like && sp|Q7XWU8|EXPA1_ORYSJ Expansin-A1 OS=Oryza sativa subsp. japonica OX=39947 GN=EXPA1 PE=2 SV=2 && PF03330:Lytic transglycolase|PF01357:Pollen allergen	bZIP
110682476	68.9484649537529	-1.02609820875694	0.341296632477345	8.96505243908496	0.00275192800065569	0.0311729069425298	LOC110682476	NW_018742244.1	3553118	3556996	-	3879	pseudogene	- && sp|Q9AT54|SCGT_TOBAC Scopoletin glucosyltransferase OS=Nicotiana tabacum OX=4097 GN=TOGT1 PE=1 SV=1 && -	ERF
110735167	567.537642574067	-1.36082753028724	0.450605261007957	8.96137837869713	0.0027574677105246	0.0311995344980536	LOC110735167	NW_018743252.1	8242870	8253897	-	1270	protein_coding	cystinosin homolog && sp|P57758|CTNS_ARATH Cystinosin homolog OS=Arabidopsis thaliana OX=3702 GN=At5g40670 PE=2 SV=1 && PF04193:PQ loop repeat	FAR1
110703083	2.95999101459806	-5.21617518819564	1.74080993367681	8.90363102056136	0.00284604162539583	0.031898570991487	LOC110703083	NW_018744718.1	788236	790134	+	1536	protein_coding	F-box/LRR-repeat protein At4g14103-like && sp|Q8L7H1|FBL75_ARATH F-box/LRR-repeat protein At4g14103 OS=Arabidopsis thaliana OX=3702 GN=At4g14103 PE=2 SV=1 && PF08387:FBD|PF00646:F-box domain	BES1
110710192	16.586215595137	-1.47868914545745	0.494102249207705	8.88667013590961	0.00287260150803755	0.0320954990114249	LOC110710192	NW_018742204.1	7912708	7915404	-	2299	lncRNA	uncharacterized LOC110710192%2C transcript variant X1 && - && -	-
110725841	226.943024581049	-1.28042281356287	0.426882019585714	8.85807549425039	0.00291795056176374	0.0324360805015985	LOC110725841	NW_018742815.1	4762375	4764069	-	1411	protein_coding	extensin-1-like%2C transcript variant X1 && - && -	-
110727058	1.8687067141856	-4.10504915735969	1.38080911970662	8.85064558123476	0.00292985244125885	0.032531550728176	LOC110727058	NW_018742899.1	715980	718505	-	1431	pseudogene	- && sp|Q5GI04|HIR1_CAPAN Hypersensitive-induced reaction 1 protein OS=Capsicum annuum OX=4072 GN=HIR1 PE=1 SV=1 && -	-
110739873	21.3946411587392	-1.43042460629909	0.479199125703879	8.84670752485601	0.00293618074366119	0.0325655596113132	LOC110739873	NW_018743514.1	1305096	1308461	-	1069	protein_coding	LOB domain-containing protein 20-like && sp|Q9SRV3|LBD20_ARATH LOB domain-containing protein 20 OS=Arabidopsis thaliana OX=3702 GN=LBD20 PE=2 SV=1 && PF03195:Lateral organ boundaries (LOB) domain	LBD
110734557	198.025773928634	-1.3035702855173	0.435112742023777	8.83018248114354	0.00296288757517031	0.0327686521373314	LOC110734557	NW_018743212.1	6273024	6285897	+	2330	protein_coding	bZIP transcription factor TGA10-like && sp|Q52MZ2|TGA10_TOBAC bZIP transcription factor TGA10 OS=Nicotiana tabacum OX=4097 GN=TGA10 PE=1 SV=1 && PF14144:Seed dormancy control|PF00170:bZIP transcription factor	bZIP
110722204	17.1291800012848	-2.1776260490488	0.725550268133139	8.78271661007102	0.00304097979630353	0.0333418875465007	LOC110722204	NW_018742656.1	11068	17804	-	4906	protein_coding	protein LONGIFOLIA 1-like%2C transcript variant X1 && sp|Q9LF24|LNG1_ARATH Protein LONGIFOLIA 1 OS=Arabidopsis thaliana OX=3702 GN=LNG1 PE=1 SV=1 && PF14383:DUF761-associated sequence motif|PF14309:Domain of unknown function (DUF4378)	-
110724859	152.210706143323	-1.27631711092768	0.428096079226228	8.75670514342607	0.003084658287291	0.0336323667175956	LOC110724859	NW_018742770.1	4376066	4379221	+	2121	protein_coding	protein GAMETE EXPRESSED 3-like && sp|Q9LFS2|GEX3_ARATH Protein GAMETE EXPRESSED 3 OS=Arabidopsis thaliana OX=3702 GN=GEX3 PE=2 SV=1 && -	-
110693185	23.978041607759	-2.08703644941626	0.696956247936555	8.72881093542844	0.00313220697637776	0.0339809846915148	LOC110693185	NW_018744143.1	1070326	1074144	+	3819	protein_coding	putative disease resistance protein RGA3 && sp|Q7XA40|RGA3_SOLBU Putative disease resistance protein RGA3 OS=Solanum bulbocastanum OX=147425 GN=RGA3 PE=2 SV=2 && PF00931:NB-ARC domain	EIL
110714611	1447.485600032	-1.41636185208221	0.477644399915549	8.62843655706752	0.00330955493695713	0.0353004212490813	LOC110714611	NW_018745454.1	3480012	3482701	-	1523	protein_coding	polyubiquitin-like && sp|P0CH04|UBI1P_PETCR Polyubiquitin OS=Petroselinum crispum OX=4043 GN=PCUBI4-1 PE=2 SV=1 && PF00240:Ubiquitin family	MYB
110706002	92.0374660085848	-1.27438826661116	0.431337502958231	8.61744675303294	0.00332958235652524	0.0354435142644927	LOC110706002	NW_018744895.1	727410	732261	+	1780	lncRNA	uncharacterized LOC110706002 && - && -	Nin-like
110715810	43.9111357312876	-1.23952118465007	0.420660787623622	8.59123696210844	0.00337784483882557	0.0357954938896915	LOC110715810	NW_018745533.1	2228657	2232519	+	3466	protein_coding	pollen receptor-like kinase 3 && sp|Q9M1L7|PRK3_ARATH Pollen receptor-like kinase 3 OS=Arabidopsis thaliana OX=3702 GN=PRK3 PE=1 SV=1 && PF00069:Protein kinase domain|PF08263:Leucine rich repeat N-terminal domain	Trihelix
110697930	284.843611767819	-1.24016578791422	0.419955464928166	8.59033906096062	0.00337951076664934	0.0357960436383901	LOC110697930	NW_018742381.1	763429	766004	-	1379	protein_coding	isoaspartyl peptidase/L-asparaginase 1-like && sp|P50287|ASPGA_ARATH Isoaspartyl peptidase/L-asparaginase 1 OS=Arabidopsis thaliana OX=3702 GN=At5g08100 PE=1 SV=2 && PF01112:Asparaginase	NAC
110724138	35.3146031625003	-1.45511510037566	0.492958592286368	8.57184551234695	0.00341400928864679	0.0360232097778145	LOC110724138	NW_018742738.1	2923888	2935778	-	9005	lncRNA	uncharacterized LOC110724138%2C transcript variant X2 && - && -	NAC
110695444	105.668630211977	-1.1476455672207	0.391313744504371	8.50063744842123	0.00355022081809121	0.0369736998644646	LOC110695444	NW_018744298.1	24826	27328	+	1645	protein_coding	WUSCHEL-related homeobox 11-like && sp|Q6X7J3|WOX11_ARATH WUSCHEL-related homeobox 11 OS=Arabidopsis thaliana OX=3702 GN=WOX11 PE=2 SV=2 && PF00046:Homeodomain	WOX
32959002	37.4552281786731	-2.31634144920042	0.782403604320457	8.49194795460193	0.00356721670095998	0.0370985674886729	ycf1	NC_034949.1	122766	128375	-	5610	protein_coding	Ycf1 && sp|Q9M3J5|TI214_SPIOL Protein TIC 214 OS=Spinacia oleracea OX=3562 GN=TIC214 PE=3 SV=2 && PF05758:Ycf1	FAR1
110695769	566.898577925045	-1.17413345949273	0.402099783029276	8.40673360738958	0.0037383373194802	0.0381401567682147	LOC110695769	NW_018744304.1	6816019	6822057	-	2391	protein_coding	eukaryotic translation initiation factor 2 subunit gamma-like && sp|P41091|IF2G_HUMAN Eukaryotic translation initiation factor 2 subunit 3 OS=Homo sapiens OX=9606 GN=EIF2S3 PE=1 SV=3 && PF09173:Initiation factor eIF2 gamma, C terminal|PF00009:Elongation factor Tu GTP binding domain|PF03144:Elongation factor Tu domain 2	-
110714482	57.6205966991339	-1.21351399459132	0.416266611781482	8.39237974495705	0.00376797275399344	0.0383083905520655	LOC110714482	NW_018745454.1	5449443	5451799	+	2288	protein_coding	uncharacterized LOC110714482 && sp|P0C1J7|FKBP5_RHIO9 FK506-binding protein 5 OS=Rhizopus delemar (strain RA 99-880 / ATCC MYA-4621 / FGSC 9543 / NRRL 43880) OX=246409 GN=FKBP5 PE=3 SV=1 && -	-
110728161	15.2167024298381	-1.56771400170597	0.539897730139916	8.36923622144781	0.00381625977067586	0.0386496694486468	LOC110728161	NW_018742914.1	8130110	8134637	-	3503	protein_coding	protein GAMETE EXPRESSED 3-like && sp|Q9LFS2|GEX3_ARATH Protein GAMETE EXPRESSED 3 OS=Arabidopsis thaliana OX=3702 GN=GEX3 PE=2 SV=1 && -	-
110706080	13.4638390329138	-1.44783666424996	0.499601524869369	8.35578205317401	0.0038446196175518	0.038852143888549	LOC110706080	NW_018744895.1	3644692	3648672	+	3235	protein_coding	probable LRR receptor-like serine/threonine-protein kinase At3g47570 && sp|Q2R2D5|XA21_ORYSJ Receptor kinase-like protein Xa21 OS=Oryza sativa subsp. japonica OX=39947 GN=XA21 PE=1 SV=1 && PF00069:Protein kinase domain|PF08263:Leucine rich repeat N-terminal domain	C3H
110691540	24.2750306793138	-1.49097911608964	0.51344229371589	8.33623136367828	0.00388621284947491	0.0391442003686659	LOC110691540	NW_018744080.1	3701263	3703579	-	2317	pseudogene	- && sp|Q9ZSK5|ZOG_PHALU Zeatin O-glucosyltransferase OS=Phaseolus lunatus OX=3884 GN=ZOG1 PE=2 SV=1 && PF00201:UDP-glucoronosyl and UDP-glucosyl transferase	bHLH
110724468	87.2128002240771	-2.0300949359946	0.692933932508857	8.33195403290347	0.0038953735483992	0.0392163561564424	LOC110724468	NW_018742764.1	936851	940136	-	1616	protein_coding	chalcone synthase-like && sp|Q9LKP7|CHSY_DIAMO Chalcone synthase OS=Dianthus monspessulanus OX=129769 GN=CHS PE=2 SV=1 && PF02797:Chalcone and stilbene synthases, C-terminal domain|PF00195:Chalcone and stilbene synthases, N-terminal domain	B3
110731506	14.5289274961275	-4.0321554085741	1.34573332261548	8.30545549665385	0.00395261681182997	0.039582444416333	LOC110731506	NW_018743074.1	2539016	2546829	+	2641	protein_coding	probable methyltransferase PMT15 && sp|Q9ZPH9|PMTF_ARATH Probable methyltransferase PMT15 OS=Arabidopsis thaliana OX=3702 GN=At4g00750 PE=2 SV=1 && PF10602:26S proteasome subunit RPN7|PF03141:Putative S-adenosyl-L-methionine-dependent methyltransferase	NAC
110722624	57.1581235089277	-1.15492459386169	0.398641710201032	8.30351766344415	0.00395683643569413	0.0396117352380871	LOC110722624	NW_018742684.1	647511	648934	+	1188	protein_coding	uncharacterized LOC110722624 && - && PF14223:gag-polypeptide of LTR copia-type	-
110713715	2.01689158929407	-7.55551444528184	2.73968614067411	8.27793618751443	0.00401297155945873	0.040020092991044	LOC110713715	NW_018745448.1	9398064	9401925	+	2662	protein_coding	DNA polymerase kappa-like%2C transcript variant X1 && sp|Q6JDV7|POLK_ARATH DNA polymerase kappa OS=Arabidopsis thaliana OX=3702 GN=POLK PE=1 SV=1 && -	-
110733070	136.647070490875	-1.13997719195589	0.393742773884874	8.27750173696046	0.00401393186901236	0.040020092991044	LOC110733070	NW_018743196.1	1570232	1575033	-	2992	protein_coding	uncharacterized LOC110733070 && sp|F4HXL0|PLIP2_ARATH Phospholipase A1 PLIP2, chloroplastic OS=Arabidopsis thaliana OX=3702 GN=PLIP2 PE=1 SV=1 && PF01764:Lipase (class 3)	-
110704698	8.33128455019224	-2.69486202931457	0.927740805826296	8.22706927279845	0.00412701215669629	0.0409086694674239	LOC110704698	NW_018744858.1	524055	526329	-	1526	protein_coding	uncharacterized LOC110704698 && - && -	-
110732603	1.5373057288782	-3.98621294458866	1.41346455799924	8.2187121843843	0.00414606128800872	0.0410560426031181	LOC110732603	NW_018743175.1	4295037	4299427	-	2104	protein_coding	uncharacterized LOC110732603 && - && -	-
110736024	4.50846351830196	-2.02467944224179	0.709821073654115	8.21687685998634	0.00415025669287127	0.0410684147766392	LOC110736024	NW_018743292.1	5103374	5105332	+	1469	protein_coding	NAC domain-containing protein 82-like && sp|Q84K00|NAC78_ARATH NAC domain-containing protein 78 OS=Arabidopsis thaliana OX=3702 GN=NAC078 PE=2 SV=2 && PF02365:No apical meristem (NAM) protein	NAC
110714300	108.683150765868	-1.07646327638113	0.37485297709596	8.14849165196739	0.00430969927038363	0.0423454639594136	LOC110714300	NW_018745454.1	4436226	4437167	+	942	protein_coding	auxin-responsive protein SAUR32-like && sp|Q9ZUZ3|SAU32_ARATH Auxin-responsive protein SAUR32 OS=Arabidopsis thaliana OX=3702 GN=SAUR32 PE=2 SV=1 && PF02519:Auxin responsive protein	ZF-HD
110686564	4.87842588207335	-2.71006903249907	0.944182547102442	8.14206588674921	0.00432499807057431	0.0424214908156006	LOC110686564	NW_018743878.1	833455	838032	+	853	lncRNA	uncharacterized LOC110686564 && - && -	-
110716424	7.13247811797379	-2.04122214163384	0.713326358133302	8.13950505784268	0.00433111042329749	0.0424360106400644	LOC110716424	NW_018745584.1	1713685	1718742	+	2986	pseudogene	- && sp|Q5E913|KN10B_ARATH Kinesin-like protein KIN-10B OS=Arabidopsis thaliana OX=3702 GN=KIN10B PE=2 SV=1 && PF00225:Kinesin motor domain	bHLH
110697430	14.1517371033462	-4.00901816934162	1.35172900499962	8.12765857571947	0.00435950101987954	0.042605827894644	LOC110697430	NW_018744460.1	2945798	2947961	+	1701	protein_coding	1-aminocyclopropane-1-carboxylate oxidase homolog 1-like && sp|Q84MB3|ACCH1_ARATH 1-aminocyclopropane-1-carboxylate oxidase homolog 1 OS=Arabidopsis thaliana OX=3702 GN=At1g06620 PE=2 SV=1 && PF14226:non-haem dioxygenase in morphine synthesis N-terminal|PF03171:2OG-Fe(II) oxygenase superfamily	STAT
110701579	4.70269709938432	-2.96704994780751	1.03194041827044	8.12950993226826	0.00435505170591092	0.042605827894644	LOC110701579	NW_018744633.1	3148773	3151819	+	2748	protein_coding	G-type lectin S-receptor-like serine/threonine-protein kinase At2g19130 && sp|O64477|Y2913_ARATH G-type lectin S-receptor-like serine/threonine-protein kinase At2g19130 OS=Arabidopsis thaliana OX=3702 GN=At2g19130 PE=2 SV=1 && PF00069:Protein kinase domain|PF01453:D-mannose binding lectin	MYB_related
110733917	156.065523985413	-1.43072099339653	0.497515086488583	8.12094764175851	0.00437566804936478	0.0427157870501374	LOC110733917	NW_018743204.1	3204636	3211742	-	2040	protein_coding	transcription factor TGA9-like && - && PF14144:Seed dormancy control	bHLH
110712260	6.14135048741551	-2.60416540407118	0.907863323830484	8.09999114466999	0.00442654748414576	0.0430199948886059	LOC110712260	NW_018745291.1	1270477	1271148	-	672	protein_coding	uncharacterized LOC110712260 && - && PF13456:Reverse transcriptase-like	LSD
110704063	24.8989979880665	-1.59066184206156	0.555287333144108	8.08919820853941	0.00445298580689559	0.0431978486899279	LOC110704063	NW_018744821.1	2291978	2292352	+	375	protein_coding	uncharacterized LOC110704063 && - && -	-
110692887	71.9406229120071	-1.69398036952733	0.589515610153701	8.08269961629969	0.0044689822198512	0.0433038092080474	LOC110692887	NW_018744128.1	1074086	1074633	-	548	protein_coding	lectin-C-like && - && PF00187:Chitin recognition protein	-
110721060	1.47785157391728	-3.84645055384688	1.38768785339102	8.04872493968288	0.00455356922028992	0.043722077610185	LOC110721060	NW_018742589.1	429505	430280	+	606	pseudogene	- && - && -	-
110699860	2.8048115889072	-4.6466766828771	1.60337275566657	8.04133246376347	0.00457218926500572	0.0438494722843882	LOC110699860	NW_018744593.1	5122563	5123363	+	801	protein_coding	uncharacterized LOC110699860 && - && PF13966:zinc-binding in reverse transcriptase	NAC
110711255	90.5113325645783	-1.23324223213753	0.432700446242727	8.01484283022177	0.00463955002738956	0.0443115389653867	LOC110711255	NW_018745248.1	12682	15266	-	1247	protein_coding	uncharacterized LOC110711255 && - && -	-
110713610	60.1581402526692	-5.23060196302774	1.92876526297044	8.01271903868718	0.00464499421176697	0.0443419683224901	LOC110713610	NW_018745448.1	4968709	4971317	-	915	lncRNA	uncharacterized LOC110713610 && sp|F4J738|SAD2H_ARATH Importin beta-like SAD2 homolog OS=Arabidopsis thaliana OX=3702 GN=At3g59020 PE=1 SV=1 && -	-
110710459	3.49153564567713	-2.37778253622181	0.849306480850894	7.97571501433038	0.00474090267253026	0.0448649326887424	LOC110710459	NW_018745170.1	4532302	4534710	+	2316	lncRNA	uncharacterized LOC110710459 && - && -	-
110720561	384.370159489178	-1.06247894766758	0.374666402747669	7.94372234442477	0.00482544744400651	0.045337272121643	LOC110720561	NW_018742558.1	40084	44271	+	1783	protein_coding	thaumatin-like protein 1b && sp|A0A1P8B554|THLP1_ARATH Thaumatin-like protein 1 OS=Arabidopsis thaliana OX=3702 GN=TLP1 PE=2 SV=1 && PF00314:Thaumatin family	MYB
110739472	2.63451361507871	-5.74364131016233	1.96260975088328	7.93550751066084	0.00484740298013082	0.0453991155467137	LOC110739472	NW_018743503.1	2390048	2392729	-	1926	protein_coding	uncharacterized LOC110739472%2C transcript variant X2 && - && -	-
110723056	37.8479560656191	-1.12762242343244	0.399566094255404	7.90885574925278	0.00491933758790531	0.0458356216108672	LOC110723056	NW_018742720.1	612935	617189	-	2628	pseudogene	- && sp|Q9LEV7|FBT6_ARATH Probable folate-biopterin transporter 6 OS=Arabidopsis thaliana OX=3702 GN=At5g10820 PE=2 SV=1 && PF03092:BT1 family	-
110724316	4.43611861068014	-2.27982078026243	0.812288490907035	7.90301605721177	0.00493524396955484	0.0459293451223524	LOC110724316	NW_018742741.1	33131	36318	-	845	protein_coding	uncharacterized LOC110724316 && - && PF04398:Protein of unknown function, DUF538	FAR1
110738225	32.6876182641816	-1.08538219007474	0.384704326526386	7.88758032778748	0.00497754122013438	0.0461864180578537	LOC110738225	NW_018743381.1	335532	336972	-	988	protein_coding	peroxidase 29-like && sp|Q9LSP0|PER29_ARATH Peroxidase 29 OS=Arabidopsis thaliana OX=3702 GN=PER29 PE=2 SV=2 && PF00141:Peroxidase	Dof
110718754	41.8073891090692	-1.21168408511933	0.429067995585848	7.87061137693161	0.00502446625851287	0.0463981834717773	LOC110718754	NW_018742461.1	3142653	3144361	-	1709	protein_coding	scopoletin glucosyltransferase-like && sp|Q9AT54|SCGT_TOBAC Scopoletin glucosyltransferase OS=Nicotiana tabacum OX=4097 GN=TOGT1 PE=1 SV=1 && PF00201:UDP-glucoronosyl and UDP-glucosyl transferase	ERF
110736228	5132.68436131966	-1.16217874644349	0.411686451279739	7.8569430051773	0.0050625916953783	0.0466173888986147	LOC110736228	NW_018743292.1	1454067	1458381	+	2672	protein_coding	sulfite reductase [ferredoxin]%2C chloroplastic-like && sp|O82802|SIR1_TOBAC Sulfite reductase 1 [ferredoxin], chloroplastic OS=Nicotiana tabacum OX=4097 GN=SIR1 PE=1 SV=1 && PF01077:Nitrite and sulphite reductase 4Fe-4S domain|PF03460:Nitrite/Sulfite reductase ferredoxin-like half domain	-
110723055	12.673793631975	-1.22533905867591	0.438329056253318	7.85327952067624	0.00507286032748936	0.0466791105064408	LOC110723055	NW_018742204.1	21284997	21287764	+	2768	pseudogene	- && sp|O64825|LYK4_ARATH LysM domain receptor-like kinase 4 OS=Arabidopsis thaliana OX=3702 GN=LYK4 PE=1 SV=1 && -	GeBP
110696403	22.0528283523008	-1.1899880085341	0.423480633705631	7.83988636842071	0.00511058190159704	0.0468728257790186	LOC110696403	NW_018744362.1	1918629	1927659	+	965	lncRNA	uncharacterized LOC110696403 && - && -	-
110718755	1232.32220849994	-1.30232239904171	0.46330571544313	7.77096744727066	0.00530926061524791	0.0479894758492935	LOC110718755	NW_018742461.1	3144967	3146687	-	1721	protein_coding	scopoletin glucosyltransferase-like && sp|Q9AT54|SCGT_TOBAC Scopoletin glucosyltransferase OS=Nicotiana tabacum OX=4097 GN=TOGT1 PE=1 SV=1 && PF00201:UDP-glucoronosyl and UDP-glucosyl transferase	ERF
110709797	3.52892262205034	-2.56970737131947	0.94071781189784	7.76374565529875	0.00533053018393092	0.048136562868135	LOC110709797	NW_018742418.1	3776259	3777948	+	1690	protein_coding	NDR1/HIN1-like protein 6 && - && -	-
110692108	45.2637962383996	-1.19225771002225	0.426548705188236	7.74798661863264	0.00537724569623162	0.0484692610117293	LOC110692108	NW_018744093.1	665706	667840	-	1896	protein_coding	uncharacterized LOC110692108 && - && -	MYB
110689715	3.46449206060807	-2.97223524566242	1.06905141091375	7.74314424952374	0.00539168390668245	0.048554827348576	LOC110689715	NW_018743977.1	1414851	1420473	+	4652	protein_coding	MDIS1-interacting receptor like kinase 2-like && sp|Q8VZG8|MIK2_ARATH MDIS1-interacting receptor like kinase 2 OS=Arabidopsis thaliana OX=3702 GN=MIK2 PE=1 SV=3 && PF13855:Leucine rich repeat|PF00069:Protein kinase domain|PF12799:Leucine Rich repeats (2 copies)	ERF
110714739	14.2944127932589	-1.27944980642895	0.459862813433239	7.72243688631966	0.00545387313172684	0.0489403903069763	LOC110714739	NW_018745461.1	344390	352066	-	2169	protein_coding	DEAD-box ATP-dependent RNA helicase 10-like && sp|Q8GY84|RH10_ARATH DEAD-box ATP-dependent RNA helicase 10 OS=Arabidopsis thaliana OX=3702 GN=RH10 PE=1 SV=2 && PF00271:Helicase conserved C-terminal domain|PF00270:DEAD/DEAH box helicase	WRKY
110703437	1094.55137616125	-1.28428668343468	0.458851428829385	7.70763992263358	0.00549875961918571	0.0492256180816687	LOC110703437	NW_018742393.1	1854217	1856725	-	1784	protein_coding	vegetative cell wall protein gp1-like%2C transcript variant X1 && - && PF01190:Pollen proteins Ole e I like	Nin-like
110715343	59.5455410394392	-2.03406476432049	0.722702892697947	7.69236426025509	0.00554549350241428	0.0495556088540051	LOC110715343	NW_018745523.1	1196434	1198441	-	1891	pseudogene	- && sp|A0A068Q6L2|C7317_PRUMU Cytochrome P450 736A117 OS=Prunus mume OX=102107 GN=CYP736A117 PE=2 SV=1 && -	E2F/DP
